City_ID,City,Country,Date,Lat,Lng,Max Temp,Humidity,Cloudiness,Wind Speed
0,Half Moon Bay,US,2021-08-09 21:22:54,37.4636,-122.4286,96.62,63,1,1.99
1,Coquimbo,CL,2021-08-09 21:25:15,-29.9533,-71.3436,58.73,67,20,11.5
2,Albany,US,2021-08-09 21:25:16,42.6001,-73.9662,86.45,60,51,7.47
3,Hermanus,ZA,2021-08-09 21:25:16,-34.4187,19.2345,49.89,71,3,4.14
4,Bairnsdale,AU,2021-08-09 21:25:17,-37.8333,147.6167,42.08,91,3,1.01
5,Pevek,RU,2021-08-09 21:25:17,69.7008,170.3133,38.93,81,100,10.51
6,Atuona,PF,2021-08-09 21:25:17,-9.8,-139.0333,78.04,68,14,19.24
7,Busselton,AU,2021-08-09 21:25:18,-33.65,115.3333,47.08,71,96,25.03
8,Ancud,CL,2021-08-09 21:25:18,-41.8697,-73.8203,49.53,70,10,2.44
9,Ransang,PH,2021-08-09 21:25:19,8.9603,117.5828,78.85,85,100,4.03
10,Coahuayana,MX,2021-08-09 21:25:19,18.7333,-103.6833,87.28,78,100,9.82
11,Port Elizabeth,ZA,2021-08-09 21:25:19,-33.918,25.5701,54.1,82,90,16.11
12,Butaritari,KI,2021-08-09 21:25:20,3.0707,172.7902,82.92,66,16,13.94
13,Rikitea,PF,2021-08-09 21:21:05,-23.1203,-134.9692,72.55,83,61,8.19
14,Sao Filipe,CV,2021-08-09 21:25:20,14.8961,-24.4956,78.55,86,52,8.57
15,Jaisalmer,IN,2021-08-09 21:25:20,26.9147,70.9181,83.01,61,1,21.72
16,Da Nang,VN,2021-08-09 21:25:21,16.0678,108.2208,86.05,83,20,1.14
17,Koungou,YT,2021-08-09 21:25:21,-12.7336,45.2042,74.91,83,0,5.75
18,Marawi,PH,2021-08-09 21:21:36,7.9986,124.2928,65.64,88,100,2.3
19,Hilo,US,2021-08-09 21:21:26,19.7297,-155.09,83.25,68,1,8.05
20,Rancho Palos Verdes,US,2021-08-09 21:25:22,33.7445,-118.387,96.93,76,20,5.99
21,Hazorasp,UZ,2021-08-09 21:25:22,41.3194,61.0742,69.64,20,0,9.82
22,Aklavik,CA,2021-08-09 21:25:23,68.2191,-135.0107,47.12,80,100,17.47
23,Margate,GB,2021-08-09 21:25:23,51.3813,1.3862,60.66,84,100,1.99
24,Cidreira,BR,2021-08-09 21:25:24,-30.1811,-50.2056,63.46,82,100,3.04
25,Jamestown,US,2021-08-09 21:22:01,42.097,-79.2353,89.02,49,1,3.0
26,Port Alfred,ZA,2021-08-09 21:25:24,-33.5906,26.891,56.66,69,96,16.58
27,Mandurah,AU,2021-08-09 21:25:24,-32.55,115.7,56.21,78,99,35.75
28,Bonthe,SL,2021-08-09 21:25:25,7.5264,-12.505,77.68,75,100,8.97
29,Liverpool,GB,2021-08-09 21:22:45,53.4106,-2.9779,61.68,75,20,1.99
30,Hobart,AU,2021-08-09 21:25:05,-42.8794,147.3294,50.11,80,75,3.0
31,Saint-Philippe,RE,2021-08-09 21:25:26,-21.3585,55.7679,67.59,83,88,2.3
32,Ushuaia,AR,2021-08-09 21:25:26,-54.8,-68.3,46.06,49,20,4.61
33,Lebu,CL,2021-08-09 21:22:39,-37.6167,-73.65,50.18,75,0,17.83
34,Srednekolymsk,RU,2021-08-09 21:25:27,67.45,153.6833,65.55,48,89,7.23
35,Onverwacht,SR,2021-08-09 21:25:27,5.5833,-55.1833,89.6,58,40,5.75
36,Maumere,ID,2021-08-09 21:21:25,-8.6199,122.2111,74.8,78,23,3.69
37,Bethel,US,2021-08-09 21:22:38,41.3712,-73.414,79.84,81,90,8.05
38,Gillette,US,2021-08-09 21:24:02,44.2911,-105.5022,76.8,34,1,1.99
39,Tuktoyaktuk,CA,2021-08-09 21:25:28,69.4541,-133.0374,41.0,87,90,14.97
40,Mataura,NZ,2021-08-09 21:21:07,-46.1927,168.8643,44.47,93,87,5.53
41,Faanui,PF,2021-08-09 21:25:28,-16.4833,-151.75,79.79,69,11,16.51
42,New Norfolk,AU,2021-08-09 21:25:29,-42.7826,147.0587,49.75,95,13,4.03
43,Kapaa,US,2021-08-09 21:24:05,22.0752,-159.319,84.52,65,1,3.0
44,Bubaque,GW,2021-08-09 21:25:29,11.2833,-15.8333,79.5,82,100,13.47
45,Chuy,UY,2021-08-09 21:25:29,-33.6971,-53.4616,54.41,94,100,12.12
46,Punta Arenas,CL,2021-08-09 21:25:30,-53.15,-70.9167,46.51,61,40,36.82
47,Bluff,NZ,2021-08-09 21:25:30,-46.6,168.3333,44.8,86,81,18.77
48,Atasu,KZ,2021-08-09 21:25:31,48.6814,71.6433,63.88,73,9,7.58
49,Colares,PT,2021-08-09 21:25:31,38.7992,-9.4469,67.68,75,20,23.02
50,Nioro,GM,2021-08-09 21:25:32,13.35,-15.75,79.21,84,95,6.51
51,Hovd,MN,2021-08-09 21:22:06,48.0056,91.6419,64.24,43,2,1.88
52,Ormara,PK,2021-08-09 21:25:32,25.2088,64.6357,79.11,84,100,9.91
53,Hamilton,US,2021-08-09 21:21:26,39.1834,-84.5333,80.53,86,35,1.01
54,Nome,US,2021-08-09 21:25:33,64.5011,-165.4064,59.07,58,20,5.75
55,Merke,KZ,2021-08-09 21:25:33,42.8728,73.1786,67.91,40,0,4.56
56,Vaitape,PF,2021-08-09 21:25:33,-16.5167,-151.75,79.79,69,12,16.46
57,Miastko,PL,2021-08-09 21:25:34,54.0028,16.9826,59.61,67,79,4.7
58,Viamao,BR,2021-08-09 21:25:34,-30.0811,-51.0233,66.27,89,75,6.91
59,Ostrovnoy,RU,2021-08-09 21:25:35,68.0531,39.5131,55.22,70,27,8.41
60,Sassandra,CI,2021-08-09 21:25:35,4.95,-6.0833,74.44,88,11,5.64
61,Rawson,AR,2021-08-09 21:25:35,-43.3002,-65.1023,54.9,33,0,7.81
62,Qaanaaq,GL,2021-08-09 21:25:36,77.484,-69.3632,40.78,72,95,9.78
63,Governador Valadares,BR,2021-08-09 21:24:40,-18.8511,-41.9494,71.29,58,60,4.92
64,Torbay,CA,2021-08-09 21:21:48,47.6666,-52.7314,62.28,61,20,8.05
65,San Cristobal,VE,2021-08-09 21:25:36,7.7669,-72.225,80.78,72,22,5.46
66,Korla,CN,2021-08-09 21:25:36,41.7597,86.1469,75.96,41,1,8.93
67,Trincomalee,LK,2021-08-09 21:25:37,8.5711,81.2335,80.35,74,100,22.03
68,Karpathos,GR,2021-08-09 21:25:37,35.507,27.2132,78.69,73,0,17.45
69,Grand Gaube,MU,2021-08-09 21:25:37,-20.0064,57.6608,72.37,81,0,4.0
70,Souillac,MU,2021-08-09 21:21:33,-20.5167,57.5167,72.36,94,40,8.05
71,Sombrio,BR,2021-08-09 21:25:38,-29.1139,-49.6167,75.94,75,100,3.62
72,Cape Town,ZA,2021-08-09 21:25:38,-33.9258,18.4232,50.11,76,0,3.44
73,Avera,US,2021-08-09 21:25:39,33.194,-82.5271,95.45,46,100,6.58
74,Nakhon Nayok,TH,2021-08-09 21:25:39,14.1667,101.1,82.99,85,98,3.38
75,Saldanha,ZA,2021-08-09 21:21:44,-33.0117,17.9442,44.65,63,0,14.81
76,Semey,KZ,2021-08-09 21:25:40,50.4111,80.2275,62.73,74,94,12.46
77,Lucapa,AO,2021-08-09 21:25:40,-8.4192,20.7447,70.07,27,0,1.3
78,Thompson,CA,2021-08-09 21:25:20,55.7435,-97.8558,60.96,67,75,0.0
79,Tiksi,RU,2021-08-09 21:21:03,71.6872,128.8694,50.77,72,26,3.8
80,Port Hardy,CA,2021-08-09 21:25:41,50.6996,-127.4199,60.98,77,75,3.44
81,Georgetown,MY,2021-08-09 21:24:21,5.4112,100.3354,76.93,92,40,5.75
82,Taltal,CL,2021-08-09 21:25:41,-25.4,-70.4833,62.24,70,65,5.55
83,Maku,IR,2021-08-09 21:25:42,39.2911,44.4521,75.51,34,0,1.74
84,Kodiak,US,2021-08-09 21:25:42,57.79,-152.4072,54.91,71,90,11.5
85,Khatanga,RU,2021-08-09 21:21:11,71.9667,102.5,55.35,59,71,7.63
86,Alofi,NU,2021-08-09 21:22:29,-19.0595,-169.9187,75.09,94,90,1.14
87,Sergeyevka,KZ,2021-08-09 21:25:42,53.88,67.4158,58.24,92,100,8.93
88,Mahebourg,MU,2021-08-09 21:25:43,-20.4081,57.7,72.25,94,40,8.05
89,Pacific Grove,US,2021-08-09 21:25:00,36.6177,-121.9166,90.57,77,1,5.99
90,Quatre Cocos,MU,2021-08-09 21:25:43,-20.2078,57.7625,72.09,85,0,10.85
91,Hasaki,JP,2021-08-09 21:25:44,35.7333,140.8333,82.8,73,3,33.33
92,Sola,VU,2021-08-09 21:25:44,-13.8833,167.55,79.47,74,90,11.5
93,Castro,BR,2021-08-09 21:21:15,-24.7911,-50.0119,64.26,55,9,3.38
94,Leningradskiy,RU,2021-08-09 21:25:44,69.3833,178.4167,43.41,79,88,7.27
95,Iqaluit,CA,2021-08-09 21:22:15,63.7506,-68.5145,51.53,76,75,5.75
96,Yellowknife,CA,2021-08-09 21:25:45,62.456,-114.3525,54.12,100,90,13.8
97,Kaitangata,NZ,2021-08-09 21:25:45,-46.2817,169.8464,45.23,80,68,11.41
98,Gerash,IR,2021-08-09 21:25:45,27.6652,54.1371,87.94,24,24,3.71
99,Stabat,ID,2021-08-09 21:25:46,3.761,98.4513,77.2,97,96,2.59
100,Provideniya,RU,2021-08-09 21:25:46,64.3833,-173.3,50.11,66,75,11.18
101,Ciudad Bolivar,VE,2021-08-09 21:25:47,8.1222,-63.5497,79.25,78,100,2.17
102,Henties Bay,NA,2021-08-09 21:25:47,-22.116,14.2845,55.85,90,15,9.8
103,Hambantota,LK,2021-08-09 21:25:47,6.1241,81.1185,77.34,100,1,10.36
104,Bredasdorp,ZA,2021-08-09 21:25:48,-34.5322,20.0403,42.12,87,1,5.75
105,Arraial Do Cabo,BR,2021-08-09 21:25:48,-22.9661,-42.0278,69.76,83,20,17.27
106,Shenzhen,CN,2021-08-09 21:25:48,22.5455,114.0683,85.21,92,100,4.61
107,Oblivskaya,RU,2021-08-09 21:25:49,48.5362,42.5014,85.62,24,85,16.93
108,Mahenge,TZ,2021-08-09 21:25:49,-8.6833,36.7167,62.01,52,6,2.39
109,Puerto Ayora,EC,2021-08-09 21:25:49,-0.7393,-90.3518,76.96,74,34,12.66
110,Vaini,TO,2021-08-09 21:25:50,-21.2,-175.2,75.36,73,75,10.36
111,Vila Velha,BR,2021-08-09 21:21:46,-20.3297,-40.2925,71.55,78,75,5.75
112,Hare Bay,CA,2021-08-09 21:25:50,48.8499,-54.0148,74.55,44,26,8.86
113,Trinidad,BO,2021-08-09 21:25:50,-14.8333,-64.9,91.38,46,20,6.91
114,Iralaya,HN,2021-08-09 21:25:51,15.0,-83.2333,86.09,68,77,9.19
115,Kawalu,ID,2021-08-09 21:25:51,-7.3817,108.2082,71.8,97,99,1.39
116,Te Anau,NZ,2021-08-09 21:25:52,-45.4167,167.7167,39.78,95,95,2.82
117,Tadine,NC,2021-08-09 21:25:52,-21.55,167.8833,66.42,64,99,19.35
118,Mandera,KE,2021-08-09 21:25:52,3.9366,41.867,78.98,51,99,24.36
119,Buraydah,SA,2021-08-09 21:25:53,26.326,43.975,97.25,12,0,9.42
120,Waipawa,NZ,2021-08-09 21:22:27,-41.4122,175.5153,45.93,75,45,7.36
121,Esperance,AU,2021-08-09 21:25:54,-33.8667,121.9,55.24,67,67,27.54
122,Eureka,US,2021-08-09 21:25:54,40.8021,-124.1637,73.13,69,19,5.01
123,Nikolskoye,RU,2021-08-09 21:25:54,59.7035,30.7861,62.02,87,100,3.51
124,La Palma,US,2021-08-09 21:24:12,33.8464,-118.0467,104.76,53,20,8.01
125,Kavieng,PG,2021-08-09 21:25:55,-2.5744,150.7967,82.33,71,42,8.55
126,Churapcha,RU,2021-08-09 21:25:55,62.0025,132.4325,60.28,51,100,4.68
127,Flinders,AU,2021-08-09 21:25:55,-34.5833,150.8552,49.21,89,1,1.01
128,Nongan,CN,2021-08-09 21:25:56,44.382,125.1685,63.01,84,100,3.6
129,Suez,EG,2021-08-09 21:25:56,29.9737,32.5263,79.7,68,0,12.62
130,Pokosnoye,RU,2021-08-09 21:25:56,55.5258,101.0536,52.2,67,59,2.42
131,Salalah,OM,2021-08-09 21:25:57,17.0151,54.0924,77.09,94,90,6.91
132,Lowestoft,GB,2021-08-09 21:25:57,52.4752,1.7516,60.57,91,100,10.51
133,Yanam,IN,2021-08-09 21:25:58,16.7333,82.2167,81.03,87,100,2.53
134,Porto Novo,BJ,2021-08-09 21:25:58,6.4965,2.6036,76.82,87,89,7.36
135,Kimbe,PG,2021-08-09 21:25:59,-5.5502,150.1429,74.77,92,80,4.63
136,Takoradi,GH,2021-08-09 21:25:59,4.8845,-1.7554,75.94,85,25,7.7
137,Longyearbyen,SJ,2021-08-09 21:21:28,78.2186,15.6401,40.84,93,40,4.61
138,Avarua,CK,2021-08-09 21:25:59,-21.2078,-159.775,78.85,78,75,12.66
139,Grindavik,IS,2021-08-09 21:26:00,63.8424,-22.4338,60.75,88,0,14.97
140,Royan,FR,2021-08-09 21:26:00,45.6285,-1.0281,66.47,79,0,8.05
141,Peniche,PT,2021-08-09 21:26:01,39.3558,-9.3811,66.72,89,0,13.65
142,Muroto,JP,2021-08-09 21:26:01,33.2833,134.15,73.44,75,3,9.53
143,Zambezi,ZM,2021-08-09 21:26:02,-13.5432,23.1047,61.92,25,0,4.5
144,Samarai,PG,2021-08-09 21:26:02,-10.6167,150.6667,78.13,86,33,15.39
145,Shingu,JP,2021-08-09 21:22:36,33.7333,135.9833,76.91,79,0,8.12
146,Rio Gallegos,AR,2021-08-09 21:22:47,-51.6226,-69.2181,50.05,40,0,21.85
147,Zavetnoye,RU,2021-08-09 21:26:03,47.1194,43.8903,84.78,25,20,14.05
148,Santo Antonio Do Taua,BR,2021-08-09 21:26:03,-1.1519,-48.1294,82.35,71,76,1.66
149,Pisco,PE,2021-08-09 21:24:52,-13.7,-76.2167,66.25,68,25,18.41
150,Ishinomaki,JP,2021-08-09 21:26:04,38.4167,141.3,78.8,89,75,9.8
151,Sinnamary,GF,2021-08-09 21:26:05,5.3833,-52.95,79.61,86,37,11.45
152,San Rafael,AR,2021-08-09 21:23:00,-34.6177,-68.3301,50.56,40,6,4.65
153,Central Point,US,2021-08-09 21:26:05,42.376,-122.9164,88.18,28,1,3.44
154,Tarakan,ID,2021-08-09 21:26:05,3.3,117.6333,79.2,80,59,3.58
155,Mount Gambier,AU,2021-08-09 21:22:45,-37.8333,140.7667,50.36,61,26,13.22
156,Honningsvag,NO,2021-08-09 21:26:06,70.9821,25.9704,56.97,76,100,14.27
157,Ribeira Grande,PT,2021-08-09 21:26:06,38.5167,-28.7,73.8,78,20,1.14
158,Bakel,SN,2021-08-09 21:26:07,14.905,-12.4568,87.53,59,65,8.52
159,Lasa,IT,2021-08-09 21:26:07,46.6166,10.7002,63.63,85,83,3.04
160,Panzhihua,CN,2021-08-09 21:26:07,26.5851,101.7128,71.58,96,100,2.19
161,Anderson,US,2021-08-09 21:26:07,34.5334,-82.6499,92.03,54,1,1.01
162,Dingle,PH,2021-08-09 21:26:08,10.9995,122.6711,74.48,92,100,3.62
163,Zhigansk,RU,2021-08-09 21:26:08,66.7697,123.3711,59.88,44,12,7.63
164,Blind River,CA,2021-08-09 21:26:08,46.1834,-82.9582,78.91,96,100,3.42
165,Pangnirtung,CA,2021-08-09 21:26:09,66.1451,-65.7125,55.4,71,90,26.46
166,Airai,TL,2021-08-09 21:26:09,-8.9266,125.4092,54.7,89,90,2.62
167,Victoria,HK,2021-08-09 21:21:43,22.2855,114.1577,85.32,89,100,1.01
168,Chapais,CA,2021-08-09 21:26:10,49.7834,-74.8492,76.78,68,98,9.01
169,West Wendover,US,2021-08-09 21:23:13,40.7391,-114.0733,81.61,20,1,5.75
170,Manokwari,ID,2021-08-09 21:26:10,-0.8667,134.0833,77.95,76,86,3.51
171,Verkhoyansk,RU,2021-08-09 21:26:10,67.5447,133.385,70.27,35,29,2.19
172,Tiebissou,CI,2021-08-09 21:26:11,7.1574,-5.2257,79.05,96,84,5.06
173,Ginda,IN,2021-08-09 21:26:11,30.6945,78.4932,63.97,87,47,4.59
174,Okha,RU,2021-08-09 21:22:30,53.5739,142.9478,55.31,70,10,4.72
175,Kargasok,RU,2021-08-09 21:26:11,59.0556,80.8572,56.52,72,80,5.12
176,Belyy Yar,RU,2021-08-09 21:26:12,53.6039,91.3903,57.09,94,79,2.24
177,Chokurdakh,RU,2021-08-09 21:26:12,70.6333,147.9167,60.62,56,62,9.13
178,Naze,JP,2021-08-09 21:26:12,28.3667,129.4833,76.77,87,17,5.12
179,San Andres,CO,2021-08-09 21:26:13,12.5847,-81.7006,86.02,70,20,13.8
180,Barrow,US,2021-08-09 21:26:13,71.2906,-156.7887,39.22,81,90,4.61
181,Isabela,PH,2021-08-09 21:26:13,6.7085,121.9711,77.05,86,95,6.4
182,Praia Da Vitoria,PT,2021-08-09 21:23:46,38.7333,-27.0667,73.76,83,75,7.7
183,Tortoli,IT,2021-08-09 21:26:14,39.9256,9.6572,80.98,83,40,6.91
184,Vao,NC,2021-08-09 21:26:14,-22.6667,167.4833,65.03,66,100,21.34
185,Westport,US,2021-08-09 21:26:04,41.1415,-73.3579,80.98,92,90,1.99
186,Kashmor,PK,2021-08-09 21:26:15,28.4333,69.5833,88.43,52,0,13.89
187,Kloulklubed,PW,2021-08-09 21:26:15,7.0419,134.2556,75.7,70,57,7.99
188,Montbrison,FR,2021-08-09 21:26:16,45.6667,4.0833,66.06,85,7,2.21
189,Caravelas,BR,2021-08-09 21:26:16,-17.7125,-39.2481,69.3,81,1,4.34
190,Honiara,SB,2021-08-09 21:26:16,-9.4333,159.95,77.99,83,100,4.36
191,Teya,RU,2021-08-09 21:26:17,60.3778,92.6267,53.92,90,4,2.06
192,Kempele,FI,2021-08-09 21:26:17,64.9131,25.5034,59.02,100,20,5.75
193,Husavik,IS,2021-08-09 21:26:18,66.0449,-17.3389,60.71,67,57,2.01
194,Urusha,RU,2021-08-09 21:26:18,54.05,122.9,48.25,97,98,3.78
195,Swinford,IE,2021-08-09 21:26:19,53.95,-8.95,58.33,60,86,5.97
196,Port Lincoln,AU,2021-08-09 21:26:19,-34.7333,135.8667,60.12,41,95,22.73
197,Micheweni,TZ,2021-08-09 21:26:19,-4.9667,39.8333,74.32,81,26,9.84
198,Faya,SA,2021-08-09 21:26:20,18.3851,42.4509,75.31,51,95,0.51
199,Texarkana,US,2021-08-09 21:26:20,33.4251,-94.0477,93.42,49,20,12.66
200,Sechura,PE,2021-08-09 21:26:20,-5.5569,-80.8222,74.89,56,0,18.66
201,Clyde River,CA,2021-08-09 21:26:21,70.4692,-68.5914,35.83,100,90,21.85
202,Antalaha,MG,2021-08-09 21:26:21,-14.9003,50.2788,66.52,89,11,5.93
203,Sur,OM,2021-08-09 21:26:22,22.5667,59.5289,86.09,63,38,11.27
204,Constitucion,CL,2021-08-09 21:21:52,-35.3333,-72.4167,54.95,69,0,13.24
205,Lata,PT,2021-08-09 21:26:22,40.1629,-8.3327,61.81,87,1,2.21
206,Port Macquarie,AU,2021-08-09 21:26:22,-31.4333,152.9167,49.96,74,99,6.87
207,Saint-Joseph,RE,2021-08-09 21:26:23,-21.3667,55.6167,66.58,85,73,0.54
208,Xuddur,SO,2021-08-09 21:26:23,4.1213,43.8894,70.29,76,94,19.33
209,Fort Nelson,CA,2021-08-09 21:26:24,58.8053,-122.7002,69.39,64,75,8.05
210,Lagoa,PT,2021-08-09 21:26:24,39.05,-27.9833,71.33,82,3,7.63
211,Morant Bay,JM,2021-08-09 21:26:25,17.8815,-76.4093,84.65,69,8,10.11
212,Dikson,RU,2021-08-09 21:26:25,73.5069,80.5464,41.18,96,100,9.24
213,Paita,PE,2021-08-09 21:26:26,-5.0892,-81.1144,70.36,71,0,19.89
214,Ponta Do Sol,PT,2021-08-09 21:22:13,32.6667,-17.1,72.72,77,12,5.48
215,Saskylakh,RU,2021-08-09 21:26:26,71.9167,114.0833,64.29,65,100,2.8
216,Talnakh,RU,2021-08-09 21:23:55,69.4865,88.3972,52.23,89,98,5.35
217,Hokitika,NZ,2021-08-09 21:26:27,-42.7167,170.9667,39.18,71,3,5.08
218,Carnarvon,AU,2021-08-09 21:26:27,-24.8667,113.6333,66.27,60,76,12.66
219,Upernavik,GL,2021-08-09 21:26:27,72.7868,-56.1549,42.66,77,27,6.8
220,Sovetskiy,RU,2021-08-09 21:26:28,61.3614,63.5842,52.45,89,78,9.42
221,Adeje,ES,2021-08-09 21:26:28,28.1227,-16.726,73.02,65,40,4.0
222,Ahipara,NZ,2021-08-09 21:26:28,-35.1667,173.1667,53.73,70,44,12.64
223,Laguna De Perlas,NI,2021-08-09 21:26:29,12.3429,-83.6712,86.09,73,28,10.13
224,Hvide Sande,DK,2021-08-09 21:26:29,56.0045,8.1294,60.1,79,99,10.51
225,Laguna,US,2021-08-09 21:26:30,38.421,-121.4238,100.63,21,1,5.01
226,Padang,ID,2021-08-09 21:26:30,-0.9492,100.3543,75.96,95,100,2.3
227,Camacha,PT,2021-08-09 21:26:30,33.0833,-16.3333,69.22,68,20,9.22
228,Greenwood,US,2021-08-09 21:21:32,34.1668,-82.1165,93.78,63,40,1.01
229,Cap Malheureux,MU,2021-08-09 21:26:31,-19.9842,57.6142,72.46,81,0,4.0
230,Bacolod,PH,2021-08-09 21:21:53,10.6667,122.95,74.55,90,100,7.78
231,Sangueya,GN,2021-08-09 21:26:31,10.7,-14.3667,74.91,94,100,5.14
232,Keflavik,IS,2021-08-09 21:26:31,64.0049,-22.5624,60.71,88,0,14.97
233,Troitsko-Pechorsk,RU,2021-08-09 21:26:32,62.7084,56.1964,51.33,83,100,3.44
234,Geraldton,AU,2021-08-09 21:22:12,-28.7667,114.6,61.21,67,75,23.02
235,Sitka,US,2021-08-09 21:26:33,57.0531,-135.33,58.89,77,90,9.22
236,Raudeberg,NO,2021-08-09 21:26:33,61.9875,5.1352,61.2,92,88,6.53
237,Idaho Falls,US,2021-08-09 21:26:33,43.4666,-112.0341,75.58,29,1,4.0
238,Luwuk,ID,2021-08-09 21:26:34,-0.9516,122.7875,75.31,91,39,4.81
239,Tuatapere,NZ,2021-08-09 21:22:31,-46.1333,167.6833,44.82,90,96,6.49
240,Codrington,AU,2021-08-09 21:26:34,-38.2667,141.9667,51.13,59,18,17.76
241,Klaksvik,FO,2021-08-09 21:26:35,62.2266,-6.589,49.12,95,100,9.15
242,Okhotsk,RU,2021-08-09 21:26:35,59.3833,143.3,59.88,69,10,2.33
243,Lorengau,PG,2021-08-09 21:26:35,-2.0226,147.2712,80.01,78,11,6.35
244,Hithadhoo,MV,2021-08-09 21:26:36,-0.6,73.0833,81.63,71,99,5.06
245,Ierapetra,GR,2021-08-09 21:26:36,35.01,25.7353,86.43,49,0,12.91
246,Ballina,AU,2021-08-09 21:22:05,-28.8667,153.5667,49.78,75,78,3.0
247,Jimenez,MX,2021-08-09 21:26:37,28.3333,-105.4,95.74,19,6,6.53
248,Pascagoula,US,2021-08-09 21:26:37,30.3658,-88.5561,91.45,83,92,7.9
249,Kupang,ID,2021-08-09 21:26:37,-10.1667,123.5833,73.98,83,20,6.91
250,Juneau,US,2021-08-09 21:25:15,58.3019,-134.4197,59.0,83,90,4.61
251,Dalvik,IS,2021-08-09 21:26:38,65.9702,-18.5286,60.73,71,100,1.34
252,Vanimo,PG,2021-08-09 21:23:18,-2.6741,141.3028,74.91,87,49,4.09
253,Bengkulu,ID,2021-08-09 21:26:38,-3.8004,102.2655,75.27,91,100,4.92
254,Baihar,IN,2021-08-09 21:26:39,22.1,80.55,73.33,98,100,2.82
255,Sheboygan,US,2021-08-09 21:26:39,43.7333,-87.9334,75.18,95,90,3.44
256,Talara,PE,2021-08-09 21:26:40,-4.5772,-81.2719,70.56,73,75,19.57
257,Auki,SB,2021-08-09 21:26:40,-8.7676,160.7034,77.56,84,97,3.56
258,Tulum,MX,2021-08-09 21:26:40,20.2167,-87.4667,89.92,56,17,7.72
259,Chara,RU,2021-08-09 21:26:41,56.9064,118.2631,57.58,86,100,1.07
260,Nalut,LY,2021-08-09 21:26:41,30.3333,10.85,91.24,17,0,16.06
261,Broome,US,2021-08-09 21:22:26,42.2506,-75.833,89.02,59,1,1.99
262,Stepnogorsk,KZ,2021-08-09 21:26:42,52.3544,71.8869,60.53,85,2,11.07
263,Benguela,AO,2021-08-09 21:26:42,-12.5763,13.4055,72.03,81,96,4.23
264,El Coyote,MX,2021-08-09 21:26:42,25.7,-103.2667,93.22,32,9,11.41
265,Calamar,CO,2021-08-09 21:26:43,10.2511,-74.9146,89.55,51,45,13.35
266,Isangel,VU,2021-08-09 21:26:43,-19.55,169.2667,73.51,64,40,4.61
267,Tatawin,TN,2021-08-09 21:26:25,32.9297,10.4518,92.28,41,0,5.44
268,Bat Khela,PK,2021-08-09 21:26:44,34.6167,71.9714,77.36,74,77,6.51
269,Kahului,US,2021-08-09 21:26:44,20.8947,-156.47,86.02,63,40,19.57
270,Mar Del Plata,AR,2021-08-09 21:26:35,-38.0023,-57.5575,46.42,71,40,13.8
271,Valparaiso,CL,2021-08-09 21:26:44,-33.0393,-71.6273,59.23,62,0,11.5
272,Leinefelde,DE,2021-08-09 21:26:45,51.3833,10.3333,59.49,85,20,3.33
273,Cabo San Lucas,MX,2021-08-09 21:23:35,22.8909,-109.9124,91.51,68,40,4.0
274,Batemans Bay,AU,2021-08-09 21:26:45,-35.7167,150.1833,47.91,85,0,7.52
275,Vardo,NO,2021-08-09 21:26:46,70.3705,31.1107,64.15,84,98,10.42
276,Halifax,CA,2021-08-09 21:26:42,44.6453,-63.5724,69.69,84,90,3.0
277,Beringovskiy,RU,2021-08-09 21:26:46,63.05,179.3167,47.05,77,82,11.92
278,Taoudenni,ML,2021-08-09 21:26:46,22.6783,-3.9836,106.27,10,61,16.46
279,Saint Anthony,US,2021-08-09 21:26:47,45.0205,-93.218,88.66,58,40,3.0
280,Mezen,RU,2021-08-09 21:26:47,65.8522,44.24,57.65,74,100,4.45
281,Pindiga,NG,2021-08-09 21:26:47,9.9833,10.9333,71.74,86,86,4.63
282,Chihuahua,MX,2021-08-09 21:23:43,28.5,-106.0,90.43,23,11,8.03
283,Norman Wells,CA,2021-08-09 21:21:52,65.282,-126.8329,50.04,93,90,9.22
284,Hukuntsi,BW,2021-08-09 21:26:48,-24.0,21.75,50.85,48,78,14.41
285,North Bend,US,2021-08-09 21:24:46,43.4065,-124.2243,82.94,63,1,27.63
286,Kanye,BW,2021-08-09 21:26:48,-24.9667,25.3327,52.16,32,51,8.19
287,Tual,ID,2021-08-09 21:26:49,-5.6667,132.75,78.58,84,100,12.28
288,Chunskiy,RU,2021-08-09 21:26:49,56.0815,99.6342,56.03,68,65,2.82
289,Peleduy,RU,2021-08-09 21:26:49,59.6289,112.7406,49.8,97,17,0.85
290,Kruisfontein,ZA,2021-08-09 21:26:50,-34.0033,24.7314,51.89,71,100,13.35
291,Saint George,US,2021-08-09 21:26:50,37.1041,-113.5841,104.47,15,1,3.0
292,Vila Do Maio,CV,2021-08-09 21:26:51,15.1333,-23.2167,79.59,85,73,13.89
293,Palmer,US,2021-08-09 21:26:51,42.1584,-72.3287,79.97,73,75,1.01
294,Silopi,TR,2021-08-09 21:26:51,37.2497,42.4694,85.1,28,0,1.54
295,La Baule-Escoublac,FR,2021-08-09 21:26:52,47.2922,-2.364,64.87,88,75,5.75
296,Beirut,LB,2021-08-09 21:26:52,33.8889,35.4944,83.14,79,40,4.61
297,Bahile,PH,2021-08-09 21:26:52,9.9995,118.7878,77.04,87,100,3.04
298,Sijunjung,ID,2021-08-09 21:26:53,-0.6876,100.9537,71.89,99,100,1.34
299,Farafangana,MG,2021-08-09 21:26:53,-22.8167,47.8333,66.15,88,14,3.62
300,Udachnyy,RU,2021-08-09 21:22:24,66.4167,112.4,55.63,96,100,2.66
301,Mana,GF,2021-08-09 21:26:54,5.6592,-53.7767,81.46,80,89,11.88
302,Tasiilaq,GL,2021-08-09 21:26:54,65.6145,-37.6368,46.56,97,100,5.26
303,Donetsk,UA,2021-08-09 21:26:54,48.0,37.8,78.13,61,97,1.88
304,Olafsvik,IS,2021-08-09 21:26:55,64.8945,-23.7142,56.62,85,100,11.07
305,Panacan,PH,2021-08-09 21:26:55,9.2463,118.4082,79.38,80,97,3.09
306,Pangai,TO,2021-08-09 21:26:55,-19.8,-174.35,75.31,64,75,2.3
307,Bodden Town,KY,2021-08-09 21:26:56,19.2833,-81.25,84.97,82,75,3.0
308,Vostok,RU,2021-08-09 21:26:56,46.4856,135.8833,52.03,80,92,8.77
309,Destin,US,2021-08-09 21:26:56,30.3935,-86.4958,91.72,73,1,6.91
310,Dawlatabad,AF,2021-08-09 21:26:57,36.4141,64.9053,79.52,20,0,5.55
311,Coos Bay,US,2021-08-09 21:26:57,43.3665,-124.2179,85.86,63,1,27.63
312,Muisne,EC,2021-08-09 21:26:57,0.6,-80.0333,84.31,81,92,9.95
313,Boone,US,2021-08-09 21:26:58,39.0334,-92.3335,94.51,65,1,1.99
314,Kudahuvadhoo,MV,2021-08-09 21:26:58,2.6708,72.8944,82.18,74,96,12.64
315,Fortuna,US,2021-08-09 21:26:58,40.5982,-124.1573,72.86,70,1,14.97
316,Zyryanovsk,KZ,2021-08-09 21:26:59,49.7386,84.2719,69.42,52,100,4.43
317,Lethem,GY,2021-08-09 21:26:59,3.3803,-59.7968,80.65,83,20,11.5
318,Dalbandin,PK,2021-08-09 21:24:08,28.8947,64.4101,88.57,11,0,4.16
319,Moose Factory,CA,2021-08-09 21:22:57,51.2585,-80.6094,84.2,61,75,9.22
320,Mayor Pablo Lagerenza,PY,2021-08-09 21:27:00,-19.9309,-60.7718,88.39,28,93,12.33
321,Sorland,NO,2021-08-09 21:27:00,67.667,12.6934,57.13,89,100,6.62
322,Tazovskiy,RU,2021-08-09 21:27:01,67.4667,78.7,46.24,88,65,12.03
323,San Carlos,VE,2021-08-09 21:27:01,9.6612,-68.5827,80.49,86,89,3.24
324,Manono,CD,2021-08-09 21:27:01,-7.3,27.4167,75.33,25,0,3.58
325,Kirkwall,GB,2021-08-09 21:25:37,58.9848,-2.9587,55.74,93,90,9.22
326,Pontianak,ID,2021-08-09 21:27:02,-0.0333,109.3333,76.98,100,20,1.14
327,Areka,ET,2021-08-09 21:27:02,7.0667,37.7,59.32,91,56,0.56
328,Rio Grande,BR,2021-08-09 21:27:02,-32.035,-52.0986,60.91,97,100,4.52
329,Arcata,US,2021-08-09 21:27:03,40.8665,-124.0828,73.13,69,1,3.0
330,Havre-Saint-Pierre,CA,2021-08-09 21:27:03,50.2334,-63.5986,64.76,59,40,5.75
331,Hay River,CA,2021-08-09 21:27:04,60.8156,-115.7999,62.58,82,75,11.5
332,Mackenzie,CA,2021-08-09 21:27:04,55.2999,-123.1698,66.42,55,75,10.36
333,Bambous Virieux,MU,2021-08-09 21:27:04,-20.3428,57.7575,72.21,94,40,8.05
334,Ulladulla,AU,2021-08-09 21:27:05,-35.35,150.4667,47.3,80,0,7.16
335,Plasencia,ES,2021-08-09 21:27:05,40.0312,-6.0885,79.3,23,0,3.27
336,Liepaja,LV,2021-08-09 21:27:06,56.5419,21.0367,59.05,100,20,5.75
337,Freetown,SL,2021-08-09 21:27:06,8.484,-13.2299,76.1,86,100,9.69
338,Paredon,MX,2021-08-09 21:27:07,16.0333,-93.8667,83.55,72,94,6.02
339,Nsanje,MW,2021-08-09 21:27:07,-16.92,35.262,64.89,51,0,1.19
340,Vestmannaeyjar,IS,2021-08-09 21:23:16,63.4427,-20.2734,56.39,88,40,14.97
341,Shimoda,JP,2021-08-09 21:27:08,34.6667,138.95,80.71,85,9,23.69
342,Rognan,NO,2021-08-09 21:27:08,67.0953,15.3878,63.05,90,100,5.23
343,Severo-Kurilsk,RU,2021-08-09 21:27:09,50.6789,156.125,54.55,76,0,1.07
344,Bathsheba,BB,2021-08-09 21:27:09,13.2167,-59.5167,79.41,94,40,6.91
345,Bridlington,GB,2021-08-09 21:27:09,54.0831,-0.1919,62.78,78,30,7.83
346,Merced,US,2021-08-09 21:27:10,37.1666,-120.7516,98.94,25,0,4.72
347,Maldonado,UY,2021-08-09 21:27:10,-34.6667,-54.9167,49.39,96,100,14.25
348,Cherskiy,RU,2021-08-09 21:27:10,68.75,161.3,60.37,53,100,7.25
349,Puerto El Triunfo,SV,2021-08-09 21:27:11,13.2833,-88.55,92.32,63,94,6.73
350,Maarianhamina,AX,2021-08-09 21:27:11,60.0973,19.9348,62.46,88,0,8.05
351,Kampot,KH,2021-08-09 21:27:12,10.6167,104.1833,80.65,89,90,7.56
352,Koslan,RU,2021-08-09 21:27:12,63.4564,48.8989,48.31,91,7,4.16
353,East London,ZA,2021-08-09 21:27:04,-33.0153,27.9116,57.96,61,78,18.66
354,San Patricio,US,2021-08-09 21:27:12,28.017,-97.5169,95.72,47,7,19.53
355,Tabou,CI,2021-08-09 21:27:13,4.423,-7.3528,76.59,84,60,8.28
356,Tura,IN,2021-08-09 21:27:13,25.5198,90.2201,74.28,97,88,5.21
357,Ilulissat,GL,2021-08-09 21:23:16,69.2167,-51.1,51.82,40,21,11.5
358,Evensk,RU,2021-08-09 21:27:13,61.95,159.2333,61.5,55,54,1.19
359,Montepuez,MZ,2021-08-09 21:27:14,-13.1256,38.9997,64.54,70,44,6.64
360,Bucerias,MX,2021-08-09 21:23:57,20.75,-105.3333,86.99,70,75,9.22
361,Filimonovo,RU,2021-08-09 21:27:14,56.2011,95.4611,56.97,75,3,1.79
362,Sumbe,AO,2021-08-09 21:27:15,-11.2061,13.8437,71.89,90,10,7.74
363,Luwingu,ZM,2021-08-09 21:27:15,-10.2621,29.9271,60.26,42,0,2.26
364,Caldwell,US,2021-08-09 21:25:08,43.6629,-116.6874,84.6,27,1,10.36
365,Aykino,RU,2021-08-09 21:27:16,62.2248,49.9922,47.25,95,95,4.09
366,Nyurba,RU,2021-08-09 21:27:16,63.2842,118.3319,61.9,97,100,3.87
367,Lazaro Cardenas,MX,2021-08-09 21:27:16,17.9583,-102.2,83.73,72,85,5.86
368,Oranjemund,NA,2021-08-09 21:27:17,-28.55,16.4333,54.0,71,0,20.24
369,Praia,CV,2021-08-09 21:27:17,14.9215,-23.5087,79.34,83,20,14.97
370,Bayburt,TR,2021-08-09 21:27:18,40.2589,40.2278,58.46,89,17,2.37
371,Pechora,RU,2021-08-09 21:27:18,65.1472,57.2244,47.7,95,7,4.97
372,Poum,NC,2021-08-09 21:27:18,-20.2333,164.0167,68.59,65,96,11.34
373,Menongue,AO,2021-08-09 21:27:19,-14.6585,17.691,58.23,25,0,5.01
374,Anapskaya,RU,2021-08-09 21:27:19,44.89,37.38,71.83,88,20,2.24
375,Port Pirie,AU,2021-08-09 21:27:20,-33.1833,138.0167,55.49,47,2,13.71
376,Vila Franca Do Campo,PT,2021-08-09 21:22:57,37.7167,-25.4333,70.21,79,30,5.84
377,Turukhansk,RU,2021-08-09 21:27:20,65.8167,87.9833,53.2,85,32,4.63
378,Chernyshevskiy,RU,2021-08-09 21:27:20,63.0128,112.4714,47.89,93,61,2.28
379,Beloha,MG,2021-08-09 21:27:21,-25.1667,45.05,62.13,88,0,2.71
380,Nemuro,JP,2021-08-09 21:27:21,43.3236,145.575,62.13,91,100,32.66
381,Klyuchi,RU,2021-08-09 21:27:21,52.2667,79.1667,61.47,91,87,5.64
382,Alta Floresta,BR,2021-08-09 21:27:22,-9.8756,-56.0861,91.22,33,0,4.61
383,Umm Kaddadah,SD,2021-08-09 21:27:22,13.6017,26.6876,84.69,51,26,13.35
384,Loreto,MX,2021-08-09 21:22:35,22.2667,-101.9667,74.68,45,99,8.25
385,Clovis,US,2021-08-09 21:24:08,36.8252,-119.7029,105.12,25,1,1.01
386,Sao Jose Da Coroa Grande,BR,2021-08-09 21:27:22,-8.8978,-35.1478,74.48,89,98,11.52
387,Periyanayakkanpalaiyam,IN,2021-08-09 21:27:23,11.15,76.9333,76.59,83,40,12.66
388,Hauterive,FR,2021-08-09 21:27:23,46.0901,3.4459,61.56,82,0,1.23
389,Fairbanks,US,2021-08-09 21:27:24,64.8378,-147.7164,57.54,90,90,1.99
390,Katsuura,JP,2021-08-09 21:27:24,35.1333,140.3,84.31,80,4,36.57
391,Ilek,RU,2021-08-09 21:27:24,51.5271,53.3831,73.24,33,88,6.71
392,Tunkas,MX,2021-08-09 21:27:25,20.9,-88.75,100.36,28,19,8.7
393,Timbiqui,CO,2021-08-09 21:27:25,2.7717,-77.6654,80.73,79,84,8.43
394,Najran,SA,2021-08-09 21:27:25,17.4924,44.1277,88.45,19,97,6.33
395,Zelenogorskiy,RU,2021-08-09 21:27:26,55.0333,87.0,64.92,88,35,3.02
396,Ferme-Neuve,CA,2021-08-09 21:27:26,46.7001,-75.4493,83.98,63,97,5.97
397,Luderitz,NA,2021-08-09 21:27:27,-26.6481,15.1594,61.29,49,0,18.79
398,Kichera,RU,2021-08-09 21:27:27,55.9375,110.0997,55.6,86,95,4.09
399,Cayenne,GF,2021-08-09 21:26:58,4.9333,-52.3333,84.24,81,0,7.0
400,Berlevag,NO,2021-08-09 21:27:27,70.8578,29.0864,64.2,74,100,8.37
401,Charters Towers,AU,2021-08-09 21:27:28,-20.1,146.2667,56.07,89,0,8.32
402,Mareeba,AU,2021-08-09 21:27:28,-17.0,145.4333,65.12,91,31,2.57
403,Coihueco,CL,2021-08-09 21:26:19,-36.6167,-71.8333,57.94,51,0,9.22
404,Kindu,CD,2021-08-09 21:27:29,-2.95,25.95,72.41,78,28,4.41
405,Zhob,PK,2021-08-09 21:24:44,31.3411,69.4481,80.51,43,0,7.38
406,Severo-Yeniseyskiy,RU,2021-08-09 21:27:29,60.3725,93.0408,51.33,88,14,2.59
407,Namtsy,RU,2021-08-09 21:27:29,62.7161,129.6658,48.31,55,99,4.5
408,Mafinga,TZ,2021-08-09 21:27:30,-7.25,35.0667,69.37,44,5,2.89
409,Namibe,AO,2021-08-09 21:27:30,-15.1961,12.1522,65.66,86,15,6.15
410,Sao Miguel Do Araguaia,BR,2021-08-09 21:27:31,-13.275,-50.1628,85.17,25,26,3.44
411,Carnot,CF,2021-08-09 21:27:31,4.9409,15.8665,69.66,94,95,2.24
412,Richards Bay,ZA,2021-08-09 21:27:31,-28.783,32.0377,63.99,68,98,19.71
413,Touros,BR,2021-08-09 21:27:32,-5.1989,-35.4608,79.7,78,2,14.7
414,Saint-Georges,GD,2021-08-09 21:27:32,12.0564,-61.7485,87.48,62,20,5.75
415,Torres,BR,2021-08-09 21:23:13,-29.3353,-49.7269,75.83,81,100,0.87
416,Bakchar,RU,2021-08-09 21:27:10,57.0186,82.0711,61.0,91,76,4.92
417,Hofn,IS,2021-08-09 21:27:33,64.2539,-15.2082,51.48,86,92,2.73
418,Yerbogachen,RU,2021-08-09 21:27:33,61.2767,108.0108,53.76,80,20,4.12
419,Tiznit,MA,2021-08-09 21:27:33,29.5833,-9.5,63.23,82,84,5.41
420,Avallon,FR,2021-08-09 21:27:34,47.4833,3.9,61.47,80,2,3.62
421,Hualmay,PE,2021-08-09 21:27:34,-11.0964,-77.6139,65.61,75,18,11.65
422,Wiang Sa,TH,2021-08-09 21:27:34,8.6359,99.3666,75.54,94,68,2.26
423,Kavaratti,IN,2021-08-09 21:27:35,10.5669,72.642,80.1,78,100,20.45
424,Fort Wellington,GY,2021-08-09 21:27:35,6.4,-57.6,82.38,78,13,5.12
425,Roros,NO,2021-08-09 21:27:35,62.5747,11.3842,48.04,87,100,2.3
426,Urk,NL,2021-08-09 21:27:36,52.6625,5.6014,63.07,84,71,15.93
427,Lola,GN,2021-08-09 21:27:36,7.8,-8.5333,69.8,97,93,5.03
428,Abu Dhabi,AE,2021-08-09 21:27:25,24.4667,54.3667,100.51,34,0,2.3
429,Abu Samrah,SY,2021-08-09 21:27:36,35.3029,37.1841,78.03,59,0,9.57
430,Puerto Ayacucho,VE,2021-08-09 21:27:37,5.6639,-67.6236,82.98,78,87,3.4
431,San Joaquin,US,2021-08-09 21:27:37,37.9333,-121.3011,99.48,23,1,8.05
432,Santiago De Cao,PE,2021-08-09 21:27:37,-7.9589,-79.2392,66.33,72,0,12.66
433,Filingue,NE,2021-08-09 21:27:38,14.3521,3.3168,89.44,51,18,5.19
434,Wanning,CN,2021-08-09 21:27:38,18.8003,110.3967,81.77,87,100,8.08
435,Coari,BR,2021-08-09 21:27:39,-4.085,-63.1414,89.29,48,74,2.93
436,Omboue,GA,2021-08-09 21:27:39,-1.5746,9.2618,75.11,78,87,8.03
437,Contai,IN,2021-08-09 21:27:40,21.7786,87.7536,82.81,84,95,10.83
438,Savelugu,GH,2021-08-09 21:27:40,9.6244,-0.8253,75.34,89,75,4.92
439,Waingapu,ID,2021-08-09 21:27:40,-9.6567,120.2641,72.59,82,4,6.17
440,Kolomna,RU,2021-08-09 21:27:40,55.0794,38.7783,73.02,55,16,6.98
441,Sahuaripa,MX,2021-08-09 21:27:41,29.05,-109.2333,91.89,49,36,4.36
442,Pozo Colorado,PY,2021-08-09 21:27:41,-23.4923,-58.7972,78.15,37,6,13.8
443,Dongsheng,CN,2021-08-09 21:27:42,39.8161,109.9776,63.54,40,42,4.59
444,Alihe,CN,2021-08-09 21:27:42,50.5667,123.7167,54.86,93,100,2.68
445,Progreso,MX,2021-08-09 21:27:43,21.2833,-89.6667,93.31,67,0,17.13
446,Capitao Poco,BR,2021-08-09 21:27:43,-1.7464,-47.0594,78.62,71,94,5.06
447,Nhulunbuy,AU,2021-08-09 21:27:43,-12.2333,136.7667,75.81,83,97,6.91
448,Punto Fijo,VE,2021-08-09 21:27:44,11.6956,-70.1996,85.33,62,24,29.04
449,Post Falls,US,2021-08-09 21:27:44,47.718,-116.9516,81.55,44,1,3.0
450,Goure,NE,2021-08-09 21:27:45,13.9835,10.2704,86.0,51,100,5.77
451,Velizh,RU,2021-08-09 21:27:45,55.6056,31.1967,63.77,95,100,2.8
452,Deputatskiy,RU,2021-08-09 21:27:46,69.3,139.9,64.94,46,41,2.8
453,Cuite,BR,2021-08-09 21:27:46,-6.4836,-36.1536,69.39,83,38,13.4
454,Jalu,LY,2021-08-09 21:27:46,29.0331,21.5482,89.6,16,0,8.86
455,Bambanglipuro,ID,2021-08-09 21:27:47,-7.95,110.2833,74.7,92,84,6.93
456,Skjervoy,NO,2021-08-09 21:27:47,70.0311,20.9714,57.09,83,100,11.92
457,Zhoucheng,CN,2021-08-09 21:27:48,35.9122,116.3117,72.91,92,71,3.58
458,Asifabad,IN,2021-08-09 21:27:48,19.3667,79.2833,78.96,85,100,3.09
459,Baculin,PH,2021-08-09 21:27:49,7.4525,126.5842,76.6,86,99,6.06
460,Voyinka,UA,2021-08-09 21:27:49,45.8699,33.9914,76.5,58,64,4.07
461,Seoul,KR,2021-08-09 21:25:30,37.5683,126.9778,76.6,65,0,5.75
462,Santa Rosa,PH,2021-08-09 21:27:50,14.3122,121.1114,82.38,85,100,5.3
463,Bonfim,BR,2021-08-09 21:27:50,3.0833,-59.95,80.55,72,73,4.92
464,College,US,2021-08-09 21:27:51,64.8569,-147.8028,57.52,91,90,5.75
465,Cameron Park,US,2021-08-09 21:27:51,38.6688,-120.9872,100.02,27,0,5.01
466,Rapid Valley,US,2021-08-09 21:27:52,44.0625,-103.1463,88.32,31,1,19.57
467,Portland,US,2021-08-09 21:26:51,45.5234,-122.6762,84.61,47,20,1.99
468,Tommot,RU,2021-08-09 21:27:52,58.9564,126.2925,57.94,82,53,2.98
469,Toora-Khem,RU,2021-08-09 21:27:52,52.4675,96.11,51.42,97,32,1.95
470,Victoria Point,AU,2021-08-09 21:27:53,-27.5833,153.3,61.18,87,91,1.01
471,Chibuto,MZ,2021-08-09 21:27:53,-24.6867,33.5306,68.36,68,80,22.66
472,Mehamn,NO,2021-08-09 21:27:54,71.0357,27.8492,58.95,70,100,8.39
473,Svetlyy,RU,2021-08-09 21:27:55,54.675,20.1347,60.85,77,93,5.21
474,Sisimiut,GL,2021-08-09 21:27:55,66.9395,-53.6735,45.18,75,100,11.34
475,Nuevo Progreso,MX,2021-08-09 21:27:55,23.1667,-97.95,95.59,49,9,5.99
476,Yar-Sale,RU,2021-08-09 21:27:56,66.8333,70.8333,48.29,87,100,11.34
477,Trairi,BR,2021-08-09 21:23:31,-3.2778,-39.2689,79.39,78,4,15.32
478,Veraval,IN,2021-08-09 21:27:56,20.9,70.3667,81.52,77,97,11.45
479,Finnsnes,NO,2021-08-09 21:27:57,69.2296,17.9811,61.41,91,100,3.65
480,Sibolga,ID,2021-08-09 21:27:57,1.7427,98.7792,74.64,91,100,2.95
481,Harper,LR,2021-08-09 21:27:57,4.375,-7.7169,76.55,83,70,8.59
482,Necochea,AR,2021-08-09 21:27:58,-38.5473,-58.7368,43.03,65,100,9.17
483,Aban,RU,2021-08-09 21:27:58,56.67,96.06,56.82,73,6,2.91
484,Lugovoy,KZ,2021-08-09 21:27:58,42.9472,72.7644,67.23,33,0,4.99
485,Russell,US,2021-08-09 21:27:59,32.3502,-85.1999,92.91,55,20,4.61
486,Dolores,AR,2021-08-09 21:27:59,-36.3132,-57.6792,45.0,63,100,12.1
487,Imeni Poliny Osipenko,RU,2021-08-09 21:27:59,52.4201,136.4853,49.73,91,0,4.52
488,Chitral,PK,2021-08-09 21:28:00,35.8462,71.7858,75.56,50,32,1.45
489,Camana,PE,2021-08-09 21:28:00,-16.6228,-72.7111,61.97,78,70,10.8
490,Turka,UA,2021-08-09 21:28:01,49.1541,23.0297,59.25,94,9,1.72
491,Tessalit,ML,2021-08-09 21:23:01,20.1986,1.0114,90.36,32,58,11.77
492,Qaqortoq,GL,2021-08-09 21:28:01,60.7167,-46.0333,55.9,58,5,5.06
493,Siayan,PH,2021-08-09 21:28:02,8.2667,123.1,74.89,86,100,1.86
494,Khandyga,RU,2021-08-09 21:28:02,62.6667,135.6,63.97,61,24,1.07
495,Killybegs,IE,2021-08-09 21:28:02,54.6333,-8.45,58.71,92,88,6.76
496,Harbour Breton,CA,2021-08-09 21:28:03,47.4833,-55.7983,60.4,64,0,10.27
497,Arganil,PT,2021-08-09 21:23:46,40.2183,-8.054,66.74,79,2,2.01
498,Bonito Oriental,HN,2021-08-09 21:28:03,15.7477,-85.7356,87.42,51,100,9.73
499,Tigil,RU,2021-08-09 21:28:04,57.8,158.6667,52.32,65,16,1.19
500,Gold Coast,AU,2021-08-09 21:23:19,-28.0,153.4333,59.04,87,90,3.44
501,Presidencia Roque Saenz Pena,AR,2021-08-09 21:28:04,-26.7852,-60.4388,50.7,71,100,12.17
502,Sayat,TM,2021-08-09 21:28:06,38.7839,63.8803,78.67,15,0,14.47
503,Chrzanow,PL,2021-08-09 21:28:06,50.1355,19.402,65.39,82,43,3.65
504,Kaeo,NZ,2021-08-09 21:28:06,-35.1,173.7833,49.32,84,6,3.6
505,Atambua,ID,2021-08-09 21:28:07,-9.1061,124.8925,68.09,88,75,4.25
506,Prata,BR,2021-08-09 21:28:07,-19.3072,-48.9242,75.92,27,63,2.75
507,Naryan-Mar,RU,2021-08-09 21:28:08,67.6713,53.087,48.74,80,0,5.3
508,Bogotol,RU,2021-08-09 21:28:08,56.2078,89.5342,59.13,87,98,5.3
509,Winneba,GH,2021-08-09 21:28:08,5.3511,-0.6231,77.47,88,83,10.71
510,Saryozek,KZ,2021-08-09 21:28:09,44.3583,77.9753,62.08,39,36,3.8
511,Anaco,VE,2021-08-09 21:28:09,9.4389,-64.4728,84.94,62,97,4.7
512,Sao Paulo De Olivenca,BR,2021-08-09 21:28:09,-3.3783,-68.8725,85.48,62,86,1.83
513,Hereford,GB,2021-08-09 21:28:10,52.0568,-2.7148,61.25,64,81,6.22
514,Morros,BR,2021-08-09 21:28:10,-9.4467,-46.3003,81.81,23,0,3.49
515,Cilegon,ID,2021-08-09 21:28:10,-6.0174,106.0538,76.89,85,68,4.47
516,Kalemie,CD,2021-08-09 21:28:11,-5.9475,29.1947,72.77,50,1,1.59
517,Le Mans,FR,2021-08-09 21:28:11,48.0,0.2,62.53,88,0,1.14
518,Sokoni,TZ,2021-08-09 21:28:12,-6.4333,39.55,75.99,73,3,14.05
519,Chumikan,RU,2021-08-09 21:28:12,54.7183,135.315,52.54,80,50,3.96
520,Bontang,ID,2021-08-09 21:28:13,0.1333,117.5,77.25,86,97,3.98
521,Nara,JP,2021-08-09 21:27:22,34.6851,135.8049,78.12,89,59,10.42
522,Great Falls,US,2021-08-09 21:28:13,47.5002,-111.3008,75.92,37,40,20.71
523,Whitehorse,CA,2021-08-09 21:23:32,60.7161,-135.0538,63.37,29,40,13.8
524,Moshenskoye,RU,2021-08-09 21:28:13,58.5102,34.5911,61.38,96,47,2.91
525,Tebingtinggi,ID,2021-08-09 21:28:14,3.3285,99.1625,77.05,95,100,2.28
526,Inuvik,CA,2021-08-09 21:28:14,68.3499,-133.7218,47.16,93,90,8.05
527,Amazar,RU,2021-08-09 21:28:15,53.858,120.875,51.57,96,100,5.7
528,Dakoro,NE,2021-08-09 21:28:15,14.5106,6.765,88.66,45,47,3.13
529,Carroll,US,2021-08-09 21:28:15,39.5501,-77.0164,92.88,69,95,4.0
530,Suntar,RU,2021-08-09 21:28:16,62.1444,117.6319,58.28,97,100,3.98
531,Sungairaya,ID,2021-08-09 21:28:16,0.7,108.9,77.9,88,31,3.74
532,Nadym,RU,2021-08-09 21:28:17,65.5333,72.5167,48.11,77,100,14.63
533,Narsaq,GL,2021-08-09 21:28:17,60.9167,-46.05,55.62,52,4,5.26
534,Makakilo City,US,2021-08-09 21:28:18,21.3469,-158.0858,84.61,48,75,12.66
535,Abnub,EG,2021-08-09 21:28:18,27.2696,31.1511,89.76,22,0,6.55
536,Livno,BA,2021-08-09 21:28:18,43.8269,17.0078,70.3,46,65,4.0
537,Kungurtug,RU,2021-08-09 21:28:19,50.5994,97.5228,49.78,83,71,1.32
538,Khachrod,IN,2021-08-09 21:28:19,23.4167,75.2833,73.92,87,94,12.93
539,Krasnoselkup,RU,2021-08-09 21:28:20,65.7,82.4667,53.6,86,3,10.54
540,Sibu,MY,2021-08-09 21:28:20,2.3,111.8167,77.31,94,20,0.0
541,Port Blair,IN,2021-08-09 21:28:21,11.6667,92.75,81.54,84,100,9.71
542,Whitianga,NZ,2021-08-09 21:28:21,-36.8333,175.7,48.02,63,0,8.19
543,Gizo,SB,2021-08-09 21:28:21,-8.103,156.8419,81.1,76,32,7.49
544,Karratha,AU,2021-08-09 21:28:22,-20.7377,116.8463,68.72,72,40,6.06
545,Leh,IN,2021-08-09 21:27:03,34.1667,77.5833,59.11,56,71,4.94
546,Tautira,PF,2021-08-09 21:28:22,-17.7333,-149.15,82.42,79,57,14.83
547,Lavrentiya,RU,2021-08-09 21:28:22,65.5833,-171.0,44.17,73,100,15.43
548,Ucluelet,CA,2021-08-09 21:25:36,48.9329,-125.5528,82.04,75,18,7.61
549,Charagua,BO,2021-08-09 21:28:23,-19.8,-63.2167,74.77,34,10,10.18
550,Sfantu Gheorghe,RO,2021-08-09 21:28:23,45.8667,25.7833,72.27,68,29,1.95
551,Lerwick,GB,2021-08-09 21:28:23,60.1545,-1.1494,57.2,95,95,11.34
552,Baykit,RU,2021-08-09 21:28:24,61.67,96.37,53.38,79,58,1.3
553,Harboore,DK,2021-08-09 21:28:24,56.6175,8.1807,59.99,83,97,9.17
554,Chimore,BO,2021-08-09 21:28:25,-16.9833,-65.1333,92.57,29,43,3.4
555,Cacheu,GW,2021-08-09 21:28:25,12.2706,-16.1658,82.4,89,99,4.74
556,San Juan,AR,2021-08-09 21:23:39,-31.5375,-68.5364,50.31,48,18,2.42
557,Caxito,AO,2021-08-09 21:28:26,-8.5785,13.6643,72.25,84,0,3.29
558,Maxixe,MZ,2021-08-09 21:28:26,-23.8597,35.3472,65.57,83,1,8.5
559,Kinshasa,CD,2021-08-09 21:28:26,-4.3246,15.3215,77.38,65,62,4.61
560,Half Moon Bay,US,2021-08-09 21:24:25,37.4636,-122.4286,96.62,62,1,1.99
