City_ID,City,Country,Date,Lat,Lng,Max Temp,Humidity,Cloudiness,Wind Speed,Current Description
0,Georgetown,MY,2021-08-14 17:38:41,5.4112,100.3354,82.33,90,20,2.3,few clouds
1,Rikitea,PF,2021-08-14 17:38:57,-23.1203,-134.9692,74.41,81,68,17.31,broken clouds
2,Atuona,PF,2021-08-14 17:38:57,-9.8,-139.0333,77.88,81,27,17.56,scattered clouds
3,Neiafu,TO,2021-08-14 17:38:58,-18.65,-173.9833,68.68,73,20,2.3,few clouds
4,Hermanus,ZA,2021-08-14 17:34:10,-34.4187,19.2345,51.8,79,0,13.24,clear sky
5,Lebu,CL,2021-08-14 17:34:10,-37.6167,-73.65,52.23,71,98,6.64,overcast clouds
6,Avarua,CK,2021-08-14 17:34:11,-21.2078,-159.775,69.85,78,40,6.91,light rain
7,Soyo,AO,2021-08-14 17:34:11,-6.1349,12.3689,77.05,87,40,10.42,scattered clouds
8,Kruisfontein,ZA,2021-08-14 17:34:12,-34.0033,24.7314,56.88,83,78,5.12,broken clouds
9,Labuhan,ID,2021-08-14 17:34:12,-6.8844,112.2051,77.47,82,51,6.85,broken clouds
10,Busselton,AU,2021-08-14 17:38:59,-33.65,115.3333,44.1,87,0,7.4,clear sky
11,Dikson,RU,2021-08-14 17:39:00,73.5069,80.5464,46.92,99,100,5.95,overcast clouds
12,Saint-Alexandre,FR,2021-08-14 17:39:00,44.2278,4.6214,92.39,40,0,11.88,clear sky
13,Xiamen,CN,2021-08-14 17:39:01,24.4798,118.0819,80.65,89,20,6.71,few clouds
14,Bluff,NZ,2021-08-14 17:39:01,-46.6,168.3333,44.8,81,97,23.64,overcast clouds
15,Tuktoyaktuk,CA,2021-08-14 17:39:02,69.4541,-133.0374,46.4,87,90,10.36,overcast clouds
16,Kodiak,US,2021-08-14 17:39:03,57.79,-152.4072,54.91,54,40,10.36,scattered clouds
17,Nanzhang,CN,2021-08-14 17:39:03,31.7765,111.8386,70.7,92,45,2.46,light rain
18,Butaritari,KI,2021-08-14 17:39:04,3.0707,172.7902,81.7,77,71,9.53,moderate rain
19,Saint-Francois,FR,2021-08-14 17:39:04,46.4154,3.9054,89.04,55,0,4.61,clear sky
20,Olafsvik,IS,2021-08-14 17:39:04,64.8945,-23.7142,54.64,79,49,12.41,scattered clouds
21,Gornopravdinsk,RU,2021-08-14 17:39:05,60.05,69.9,62.1,73,1,7.09,clear sky
22,Hurghada,EG,2021-08-14 17:39:05,27.2574,33.8129,95.04,23,0,13.8,clear sky
23,Kitob,UZ,2021-08-14 17:39:05,39.0843,66.8332,75.78,24,0,7.83,clear sky
24,Adrar,MR,2021-08-14 17:39:06,20.5022,-10.0711,104.22,14,10,19.64,clear sky
25,Leningradskiy,RU,2021-08-14 17:39:06,69.3833,178.4167,40.75,89,100,21.65,light rain
26,Ahipara,NZ,2021-08-14 17:39:06,-35.1667,173.1667,51.71,76,28,9.71,scattered clouds
27,Punta Arenas,CL,2021-08-14 17:39:07,-53.15,-70.9167,39.31,87,90,9.22,overcast clouds
28,Faanui,PF,2021-08-14 17:39:07,-16.4833,-151.75,78.31,73,4,5.37,clear sky
29,Albany,US,2021-08-14 17:36:01,42.6001,-73.9662,82.35,46,81,10.78,broken clouds
30,Dondo,MZ,2021-08-14 17:39:08,-19.6094,34.7431,71.11,79,100,11.7,overcast clouds
31,Vila,PT,2021-08-14 17:39:08,42.0304,-8.1588,79.7,46,79,5.17,broken clouds
32,La Paz,BO,2021-08-14 17:34:50,-16.5,-68.15,62.58,15,20,9.22,few clouds
33,Hasaki,JP,2021-08-14 17:39:09,35.7333,140.8333,68.4,94,100,2.93,moderate rain
34,Hobart,AU,2021-08-14 17:37:14,-42.8794,147.3294,55.26,62,90,5.01,overcast clouds
35,Umm Kaddadah,SD,2021-08-14 17:39:09,13.6017,26.6876,77.0,67,100,8.97,overcast clouds
36,Berlevag,NO,2021-08-14 17:39:10,70.8578,29.0864,49.96,84,54,9.44,broken clouds
37,Lakki Marwat,PK,2021-08-14 17:39:10,32.6079,70.9114,96.71,32,0,10.02,clear sky
38,Souillac,MU,2021-08-14 17:39:11,-20.5167,57.5167,71.98,83,75,14.97,light rain
39,Airai,TL,2021-08-14 17:39:11,-8.9266,125.4092,54.75,76,5,3.51,clear sky
40,Puerto Ayora,EC,2021-08-14 17:34:20,-0.7393,-90.3518,76.96,74,95,9.78,overcast clouds
41,Hokitika,NZ,2021-08-14 17:39:12,-42.7167,170.9667,45.09,82,100,2.51,overcast clouds
42,Bemidji,US,2021-08-14 17:38:20,47.4736,-94.8803,87.06,26,1,14.97,clear sky
43,Provideniya,RU,2021-08-14 17:39:12,64.3833,-173.3,49.1,96,100,5.61,overcast clouds
44,Nikolskoye,RU,2021-08-14 17:39:13,59.7035,30.7861,67.89,93,95,8.75,overcast clouds
45,Bredasdorp,ZA,2021-08-14 17:39:13,-34.5322,20.0403,52.92,71,0,6.91,clear sky
46,Touros,BR,2021-08-14 17:39:13,-5.1989,-35.4608,88.7,56,36,20.31,scattered clouds
47,Vaini,TO,2021-08-14 17:39:14,-21.2,-175.2,68.65,58,13,14.43,few clouds
48,Pingzhuang,CN,2021-08-14 17:39:14,42.0372,119.2889,64.54,79,100,4.14,overcast clouds
49,Paka,MY,2021-08-14 17:39:14,4.6374,103.4368,76.93,94,100,0.0,overcast clouds
50,Axim,GH,2021-08-14 17:39:15,4.8699,-2.2405,77.18,76,6,9.28,clear sky
51,Gdov,RU,2021-08-14 17:39:16,58.7406,27.8122,64.17,82,79,11.88,broken clouds
52,Hilo,US,2021-08-14 17:39:16,19.7297,-155.09,75.79,89,75,3.44,light rain
53,Ushuaia,AR,2021-08-14 17:39:01,-54.8,-68.3,38.86,70,20,0.0,few clouds
54,Praia Da Vitoria,PT,2021-08-14 17:39:16,38.7333,-27.0667,80.85,69,40,18.72,scattered clouds
55,Lengshuijiang,CN,2021-08-14 17:39:17,27.6881,111.4294,70.38,95,100,1.52,overcast clouds
56,Kyabram,AU,2021-08-14 17:39:17,-36.3167,145.05,49.73,73,100,6.31,overcast clouds
57,Khatanga,RU,2021-08-14 17:39:18,71.9667,102.5,52.45,65,100,4.07,overcast clouds
58,Sabang,ID,2021-08-14 17:39:18,5.8933,95.3214,80.44,80,100,26.44,overcast clouds
59,Cape Town,ZA,2021-08-14 17:38:53,-33.9258,18.4232,55.11,71,0,1.99,clear sky
60,Castro,BR,2021-08-14 17:39:18,-24.7911,-50.0119,63.88,68,79,4.29,broken clouds
61,Kandrian,PG,2021-08-14 17:39:19,-6.2167,149.55,77.36,90,74,6.87,broken clouds
62,Bambanglipuro,ID,2021-08-14 17:39:19,-7.95,110.2833,75.0,90,45,5.99,scattered clouds
63,Payo,ID,2021-08-14 17:39:20,-3.7508,103.6372,73.49,97,100,2.21,overcast clouds
64,Mackay,AU,2021-08-14 17:39:20,-21.15,149.2,66.04,94,40,8.05,scattered clouds
65,Gizo,SB,2021-08-14 17:39:20,-8.103,156.8419,81.14,80,97,10.67,overcast clouds
66,Kapaa,US,2021-08-14 17:39:21,22.0752,-159.319,79.12,76,75,4.0,light rain
67,Rio Gallegos,AR,2021-08-14 17:39:21,-51.6226,-69.2181,42.85,75,75,12.66,broken clouds
68,Harsin,IR,2021-08-14 17:39:22,34.2721,47.5861,85.01,17,0,4.45,clear sky
69,Jyvaskyla,FI,2021-08-14 17:39:22,62.2415,25.7209,61.16,88,40,4.61,scattered clouds
70,Barrow,US,2021-08-14 17:39:23,71.2906,-156.7887,44.62,87,90,19.57,light rain
71,Saint-Pierre,RE,2021-08-14 17:39:23,-21.3393,55.4781,71.28,79,75,19.57,light rain
72,Hithadhoo,MV,2021-08-14 17:39:24,-0.6,73.0833,82.83,71,71,14.12,broken clouds
73,Karymskoye,RU,2021-08-14 17:39:24,51.6167,114.35,54.79,92,7,2.46,clear sky
74,Makinsk,KZ,2021-08-14 17:39:24,52.6292,70.4169,58.23,64,100,1.52,overcast clouds
75,Pisco,PE,2021-08-14 17:39:25,-13.7,-76.2167,62.65,82,90,6.91,mist
76,Carnarvon,AU,2021-08-14 17:39:25,-24.8667,113.6333,57.27,39,0,10.36,clear sky
77,Saint-Philippe,RE,2021-08-14 17:39:25,-21.3585,55.7679,71.19,85,70,17.36,light rain
78,Zitlala,MX,2021-08-14 17:39:26,17.6333,-99.0833,70.36,62,96,4.9,overcast clouds
79,Awjilah,LY,2021-08-14 17:39:26,29.1081,21.2869,92.88,21,0,10.76,clear sky
80,Alta Floresta,BR,2021-08-14 17:39:27,-9.8756,-56.0861,96.62,34,0,3.44,clear sky
81,Ugoofaaru,MV,2021-08-14 17:39:27,5.6667,73.0,82.22,76,100,18.66,overcast clouds
82,Norman Wells,CA,2021-08-14 17:39:27,65.282,-126.8329,53.64,87,75,9.22,light rain
83,Sambava,MG,2021-08-14 17:39:28,-14.2667,50.1667,71.69,82,0,16.53,clear sky
84,Cabo San Lucas,MX,2021-08-14 17:39:28,22.8909,-109.9124,94.6,61,20,1.01,few clouds
85,Montepuez,MZ,2021-08-14 17:39:29,-13.1256,38.9997,75.04,44,77,11.21,broken clouds
86,Krasnoborsk,RU,2021-08-14 17:39:29,61.5598,45.934,61.38,73,25,7.7,scattered clouds
87,Talnakh,RU,2021-08-14 17:39:30,69.4865,88.3972,52.68,83,100,6.73,overcast clouds
88,Ponta Do Sol,PT,2021-08-14 17:39:30,32.6667,-17.1,81.72,73,87,1.57,overcast clouds
89,Atchison,US,2021-08-14 17:39:30,39.563,-95.1216,84.38,67,0,6.46,clear sky
90,Troyes,FR,2021-08-14 17:39:31,48.3333,4.0833,86.34,45,0,6.91,clear sky
91,East London,ZA,2021-08-14 17:35:04,-33.0153,27.9116,58.14,77,0,6.91,clear sky
92,Cidreira,BR,2021-08-14 17:39:32,-30.1811,-50.2056,61.83,85,54,17.11,moderate rain
93,Te Anau,NZ,2021-08-14 17:39:32,-45.4167,167.7167,42.93,95,100,6.24,overcast clouds
94,Lompoc,US,2021-08-14 17:39:32,34.6391,-120.4579,70.32,87,40,0.0,scattered clouds
95,Manbij,SY,2021-08-14 17:39:33,36.5281,37.9549,86.77,30,3,17.49,clear sky
96,Pueblo Nuevo,MX,2021-08-14 17:39:33,23.3833,-105.3833,74.01,47,3,5.5,clear sky
97,Caravelas,BR,2021-08-14 17:39:33,-17.7125,-39.2481,76.41,57,10,7.31,clear sky
98,Seoul,KR,2021-08-14 17:35:06,37.5683,126.9778,72.91,73,0,6.91,clear sky
99,Guerrero Negro,MX,2021-08-14 17:39:34,27.9769,-114.0611,81.61,58,21,14.09,few clouds
100,Khilok,RU,2021-08-14 17:39:34,51.3674,110.4676,54.64,89,57,3.78,broken clouds
101,Port Elizabeth,ZA,2021-08-14 17:39:35,-33.918,25.5701,59.29,77,40,11.5,scattered clouds
102,Aleysk,RU,2021-08-14 17:39:35,52.4926,82.7822,56.25,84,100,2.93,overcast clouds
103,Jamestown,US,2021-08-14 17:38:25,42.097,-79.2353,76.32,55,20,3.0,few clouds
104,Marquette,US,2021-08-14 17:35:10,46.5333,-87.6335,75.61,51,18,1.99,few clouds
105,Sao Jose Da Coroa Grande,BR,2021-08-14 17:39:36,-8.8978,-35.1478,77.58,76,51,10.07,broken clouds
106,Avera,US,2021-08-14 17:39:36,33.194,-82.5271,94.68,45,89,5.99,overcast clouds
107,Shaki,AZ,2021-08-14 17:39:37,41.0833,47.1667,86.31,41,82,4.32,broken clouds
108,Channel-Port Aux Basques,CA,2021-08-14 17:39:38,47.5702,-59.1367,70.11,89,49,8.52,scattered clouds
109,Toora-Khem,RU,2021-08-14 17:39:38,52.4675,96.11,54.77,92,55,2.42,broken clouds
110,Port Hardy,CA,2021-08-14 17:39:38,50.6996,-127.4199,64.58,77,75,9.22,broken clouds
111,Sept-Iles,CA,2021-08-14 17:39:39,50.2001,-66.3821,66.72,97,90,3.0,mist
112,Kaitangata,NZ,2021-08-14 17:39:39,-46.2817,169.8464,45.32,76,84,11.05,broken clouds
113,Geraldton,AU,2021-08-14 17:39:39,-28.7667,114.6,46.81,100,0,11.5,clear sky
114,Imeni Zhelyabova,RU,2021-08-14 17:39:40,58.9544,36.5956,62.08,81,99,4.74,overcast clouds
115,Qaanaaq,GL,2021-08-14 17:39:40,77.484,-69.3632,40.41,98,100,6.58,light rain
116,Sokolo,ML,2021-08-14 17:39:40,14.7328,-6.1219,74.86,76,90,10.54,overcast clouds
117,Pevek,RU,2021-08-14 17:39:41,69.7008,170.3133,35.46,98,100,18.97,light rain
118,Baykit,RU,2021-08-14 17:39:41,61.67,96.37,56.14,95,100,3.47,overcast clouds
119,Mataura,NZ,2021-08-14 17:39:42,-46.1927,168.8643,44.47,84,92,5.86,overcast clouds
120,Iwanai,JP,2021-08-14 17:39:42,42.9744,140.5089,60.01,83,100,2.91,overcast clouds
121,Hovd,MN,2021-08-14 17:39:43,48.0056,91.6419,68.94,37,100,2.06,overcast clouds
122,Fevik,NO,2021-08-14 17:39:43,58.3794,8.6766,61.63,68,76,19.53,broken clouds
123,Coihaique,CL,2021-08-14 17:36:26,-45.5752,-72.0662,50.61,57,0,5.75,clear sky
124,Ossora,RU,2021-08-14 17:39:43,59.2353,163.0719,54.5,86,31,2.39,scattered clouds
125,Humaita,BR,2021-08-14 17:39:44,-7.5061,-63.0208,101.3,21,78,2.19,broken clouds
126,Mantua,IT,2021-08-14 17:39:44,45.1667,10.7833,97.12,57,0,1.99,clear sky
127,Birin,NP,2021-08-14 17:39:45,26.8865,88.0718,63.64,93,96,1.83,overcast clouds
128,Tasiilaq,GL,2021-08-14 17:39:45,65.6145,-37.6368,50.16,82,30,12.93,scattered clouds
129,Blackwater,AU,2021-08-14 17:39:45,-23.5833,148.8833,57.13,90,10,7.56,clear sky
130,Nouadhibou,MR,2021-08-14 17:39:46,20.931,-17.0347,82.38,61,0,10.36,clear sky
131,Hambantota,LK,2021-08-14 17:39:46,6.1241,81.1185,79.95,76,93,18.48,overcast clouds
132,Anadyr,RU,2021-08-14 17:39:46,64.75,177.4833,52.3,93,40,6.71,scattered clouds
133,Mar Del Plata,AR,2021-08-14 17:39:47,-38.0023,-57.5575,57.22,72,20,10.36,few clouds
134,Chuncheng,CN,2021-08-14 17:39:47,22.1731,111.7886,78.48,95,100,1.19,light rain
135,Chanika,TZ,2021-08-14 17:39:48,-5.4167,38.0167,65.01,84,62,5.61,broken clouds
136,Saskylakh,RU,2021-08-14 17:39:48,71.9167,114.0833,51.53,62,100,4.9,overcast clouds
137,Vryheid,ZA,2021-08-14 17:39:48,-27.7695,30.7917,44.58,89,100,2.57,overcast clouds
138,Bethel,US,2021-08-14 17:39:49,41.3712,-73.414,88.92,65,20,5.75,few clouds
139,Georgiyevka,KZ,2021-08-14 17:39:49,43.0369,74.7114,68.04,56,75,6.71,broken clouds
140,Ribeira Grande,PT,2021-08-14 17:39:49,38.5167,-28.7,79.2,69,40,13.8,scattered clouds
141,Zabaykalsk,RU,2021-08-14 17:39:50,49.6333,117.3167,56.86,86,11,5.01,few clouds
142,Bengkulu,ID,2021-08-14 17:39:50,-3.8004,102.2655,75.58,90,97,5.28,overcast clouds
143,Antipino,RU,2021-08-14 17:39:51,57.1068,65.7576,62.89,50,11,5.88,few clouds
144,North Bend,US,2021-08-14 17:35:44,43.4065,-124.2243,70.92,88,90,8.05,mist
145,Goundam,ML,2021-08-14 17:39:52,16.4145,-3.6708,83.26,54,59,16.31,broken clouds
146,Lagoa,PT,2021-08-14 17:39:52,39.05,-27.9833,74.57,78,28,7.87,scattered clouds
147,Dunedin,NZ,2021-08-14 17:39:52,-45.8742,170.5036,46.94,65,62,11.72,broken clouds
148,Nanortalik,GL,2021-08-14 17:39:53,60.1432,-45.2371,49.57,92,100,7.52,light rain
149,Awbari,LY,2021-08-14 17:39:53,26.5921,12.7805,90.46,14,0,10.58,clear sky
150,Dehloran,IR,2021-08-14 17:39:54,32.6941,47.2679,99.48,10,0,14.63,clear sky
151,Narsaq,GL,2021-08-14 17:39:54,60.9167,-46.05,53.82,81,100,1.52,light rain
152,Do Gonbadan,IR,2021-08-14 17:39:54,30.3586,50.7981,98.69,9,0,6.91,clear sky
153,Tateyama,JP,2021-08-14 17:39:55,34.9833,139.8667,69.82,90,100,22.37,light rain
154,Victoria,HK,2021-08-14 17:35:33,22.2855,114.1577,82.96,84,100,8.23,overcast clouds
155,George,ZA,2021-08-14 17:39:55,-33.963,22.4617,51.35,82,20,6.91,few clouds
156,New Norfolk,AU,2021-08-14 17:39:55,-42.7826,147.0587,54.9,70,73,1.99,broken clouds
157,Mahibadhoo,MV,2021-08-14 17:39:56,3.7833,72.9667,82.26,76,70,17.27,broken clouds
158,Arraial Do Cabo,BR,2021-08-14 17:37:32,-22.9661,-42.0278,66.16,88,90,5.75,light intensity drizzle
159,Macklin,CA,2021-08-14 17:39:56,52.3334,-109.9348,88.14,14,20,12.66,few clouds
160,Alyangula,AU,2021-08-14 17:39:57,-13.8483,136.4192,69.67,94,5,0.0,clear sky
161,Cayenne,GF,2021-08-14 17:39:57,4.9333,-52.3333,87.84,75,40,4.0,scattered clouds
162,Serra Talhada,BR,2021-08-14 17:36:47,-7.9919,-38.2983,89.46,26,28,12.35,scattered clouds
163,Novopokrovka,UA,2021-08-14 17:39:57,49.8425,36.5477,75.58,42,100,8.61,overcast clouds
164,Aklavik,CA,2021-08-14 17:39:58,68.2191,-135.0107,52.63,82,20,8.05,haze
165,Inongo,CD,2021-08-14 17:39:58,-1.95,18.2667,75.27,59,51,2.93,broken clouds
166,Pangnirtung,CA,2021-08-14 17:39:59,66.1451,-65.7125,50.0,87,90,6.91,moderate rain
167,Oyama,JP,2021-08-14 17:39:59,36.3,139.8,66.65,96,100,7.05,overcast clouds
168,Ancud,CL,2021-08-14 17:40:00,-41.8697,-73.8203,49.42,68,100,2.37,overcast clouds
169,Eureka,US,2021-08-14 17:40:00,40.8021,-124.1637,59.61,71,46,8.25,scattered clouds
170,Iqaluit,CA,2021-08-14 17:40:01,63.7506,-68.5145,42.53,87,90,11.5,light rain
171,Kovdor,RU,2021-08-14 17:40:02,67.5662,30.4758,56.12,78,63,3.96,broken clouds
172,Saldanha,ZA,2021-08-14 17:40:02,-33.0117,17.9442,55.45,68,0,10.0,clear sky
173,Isangel,VU,2021-08-14 17:40:02,-19.55,169.2667,67.32,72,60,15.3,broken clouds
174,Grindavik,IS,2021-08-14 17:40:03,63.8424,-22.4338,57.15,82,75,17.27,broken clouds
175,Beringovskiy,RU,2021-08-14 17:40:03,63.05,179.3167,55.2,75,76,9.24,broken clouds
176,Husavik,IS,2021-08-14 17:40:04,66.0449,-17.3389,53.51,86,95,7.54,overcast clouds
177,Torbay,CA,2021-08-14 17:35:30,47.6666,-52.7314,80.76,85,75,5.75,light rain
178,Tukrah,LY,2021-08-14 17:40:04,32.5341,20.5791,81.19,53,0,27.2,clear sky
179,Acapulco,MX,2021-08-14 17:40:05,16.8634,-99.8901,87.62,62,40,4.61,scattered clouds
180,Martapura,ID,2021-08-14 17:40:05,-3.4167,114.85,75.29,94,91,3.44,overcast clouds
181,Eskil,TR,2021-08-14 17:40:05,38.4017,33.4131,72.21,46,21,17.49,few clouds
182,Ulagan,RU,2021-08-14 17:40:06,50.6321,87.9563,52.63,97,100,2.59,overcast clouds
183,Deputatskiy,RU,2021-08-14 17:40:06,69.3,139.9,36.95,84,81,4.16,broken clouds
184,Walvis Bay,NA,2021-08-14 17:40:07,-22.9575,14.5053,54.55,82,0,8.05,clear sky
185,Gander,CA,2021-08-14 17:40:07,48.9682,-54.5906,82.53,65,75,4.61,broken clouds
186,Hamilton,US,2021-08-14 17:37:19,39.1834,-84.5333,84.06,63,90,1.99,overcast clouds
187,Srednekolymsk,RU,2021-08-14 17:40:08,67.45,153.6833,45.45,86,100,9.35,light rain
188,Port Lincoln,AU,2021-08-14 17:40:08,-34.7333,135.8667,51.39,63,0,7.38,clear sky
189,Broken Hill,AU,2021-08-14 17:40:09,-31.95,141.4333,47.91,57,1,8.05,clear sky
190,Sao Joao Da Barra,BR,2021-08-14 17:40:09,-21.6403,-41.0511,75.29,77,42,8.5,scattered clouds
191,Denpasar,ID,2021-08-14 17:37:30,-8.65,115.2167,78.46,94,75,11.5,broken clouds
192,Ndende,GA,2021-08-14 17:40:09,-2.4008,11.3581,81.27,63,88,7.63,overcast clouds
193,Saint-Augustin,CA,2021-08-14 17:40:10,51.226,-58.6502,73.83,71,68,8.72,broken clouds
194,Rodrigues Alves,BR,2021-08-14 17:40:10,-7.738,-72.6509,88.0,27,84,2.08,broken clouds
195,Severo-Kurilsk,RU,2021-08-14 17:40:11,50.6789,156.125,52.47,86,9,8.59,clear sky
196,Humboldt,US,2021-08-14 17:40:11,40.6665,-123.9178,50.54,34,44,4.88,scattered clouds
197,Esperance,AU,2021-08-14 17:40:11,-33.8667,121.9,49.84,72,45,7.54,scattered clouds
198,Qandala,SO,2021-08-14 17:40:12,11.472,49.8728,91.81,49,92,9.84,overcast clouds
199,Agadir,MA,2021-08-14 17:40:12,30.4202,-9.5982,98.46,24,14,8.75,few clouds
200,Yellowknife,CA,2021-08-14 17:39:12,62.456,-114.3525,61.32,94,75,11.5,light rain
201,Segezha,RU,2021-08-14 17:40:12,63.7415,34.3222,59.38,89,83,9.51,light rain
202,Port Alfred,ZA,2021-08-14 17:40:13,-33.5906,26.891,58.37,74,78,15.52,light rain
203,Port Augusta,AU,2021-08-14 17:40:13,-32.5,137.7667,41.14,67,4,1.88,clear sky
204,Batagay-Alyta,RU,2021-08-14 17:40:14,67.8006,130.4114,44.62,79,100,4.0,overcast clouds
205,Serabu,SL,2021-08-14 17:40:14,7.7958,-12.0536,75.4,85,99,3.89,overcast clouds
206,Kavieng,PG,2021-08-14 17:40:14,-2.5744,150.7967,82.35,77,36,14.81,light rain
207,Mehamn,NO,2021-08-14 17:40:15,71.0357,27.8492,48.83,87,87,10.65,overcast clouds
208,Malartic,CA,2021-08-14 17:40:15,48.1335,-78.1328,62.71,70,84,9.95,broken clouds
209,Atasu,KZ,2021-08-14 17:40:15,48.6814,71.6433,60.26,47,78,8.86,broken clouds
210,Chuy,UY,2021-08-14 17:40:16,-33.6971,-53.4616,57.11,92,100,6.46,overcast clouds
211,Kirakira,SB,2021-08-14 17:40:16,-10.4544,161.9205,77.11,89,92,9.24,overcast clouds
212,Roald,NO,2021-08-14 17:40:17,62.5833,6.1333,60.33,77,75,8.05,broken clouds
213,Huarmey,PE,2021-08-14 17:40:17,-10.0681,-78.1522,69.12,69,29,11.83,scattered clouds
214,Ayan,RU,2021-08-14 17:40:18,56.45,138.1667,64.85,76,49,4.27,scattered clouds
215,Sangar,RU,2021-08-14 17:40:18,63.9242,127.4739,58.98,89,94,2.82,overcast clouds
216,Rio Grande,BR,2021-08-14 17:40:18,-32.035,-52.0986,64.51,83,98,9.33,overcast clouds
217,Whitehorse,CA,2021-08-14 17:37:00,60.7161,-135.0538,59.09,66,90,11.5,overcast clouds
218,Muisne,EC,2021-08-14 17:40:19,0.6,-80.0333,80.71,82,100,12.5,overcast clouds
219,Amazar,RU,2021-08-14 17:40:19,53.858,120.875,57.47,73,61,2.19,broken clouds
220,Kahului,US,2021-08-14 17:40:20,20.8947,-156.47,76.26,83,20,10.36,few clouds
221,Kindu,CD,2021-08-14 17:40:20,-2.95,25.95,72.05,73,35,2.55,scattered clouds
222,Meulaboh,ID,2021-08-14 17:40:20,4.1363,96.1285,73.38,95,100,1.59,moderate rain
223,Faya,SA,2021-08-14 17:40:21,18.3851,42.4509,81.12,34,51,7.67,broken clouds
224,Sur,OM,2021-08-14 17:40:21,22.5667,59.5289,88.07,57,47,10.63,scattered clouds
225,Baruun-Urt,MN,2021-08-14 17:40:22,46.6806,113.2792,55.67,89,11,8.37,few clouds
226,Bud,US,2021-08-14 17:40:22,39.447,-86.1758,82.35,53,100,10.56,overcast clouds
227,San Patricio,US,2021-08-14 17:40:22,28.017,-97.5169,92.91,44,35,7.52,scattered clouds
228,Sobolevo,RU,2021-08-14 17:40:23,54.4299,31.8996,67.82,62,92,7.43,overcast clouds
229,Erzin,TR,2021-08-14 17:40:23,36.9559,36.2,84.92,70,0,5.64,clear sky
230,Port Blair,IN,2021-08-14 17:40:23,11.6667,92.75,81.81,84,100,13.06,overcast clouds
231,Arlit,NE,2021-08-14 17:40:24,18.7369,7.3853,102.02,20,0,5.91,clear sky
232,Mariinsk,RU,2021-08-14 17:40:24,56.2139,87.7472,57.36,80,100,3.71,overcast clouds
233,Naze,JP,2021-08-14 17:38:30,28.3667,129.4833,78.21,88,100,14.38,overcast clouds
234,San Quintin,MX,2021-08-14 17:40:25,30.4833,-115.95,77.7,62,0,14.74,clear sky
235,Netrakona,BD,2021-08-14 17:40:26,24.8833,90.7167,78.57,94,100,5.12,light rain
236,Astana,KZ,2021-08-14 17:37:18,51.1801,71.446,58.95,58,0,6.71,clear sky
237,High Point,US,2021-08-14 17:36:55,35.9557,-80.0053,94.64,58,75,1.99,broken clouds
238,Mahon,ES,2021-08-14 17:40:26,39.8885,4.2658,84.76,58,0,9.22,clear sky
239,Mahebourg,MU,2021-08-14 17:40:27,-20.4081,57.7,71.89,83,75,14.97,light rain
240,Areosa,PT,2021-08-14 17:40:27,41.7178,-8.8571,90.68,73,68,15.35,light rain
241,Pyapon,MM,2021-08-14 17:40:28,16.2833,95.6833,78.91,87,100,6.31,overcast clouds
242,Ferme-Neuve,CA,2021-08-14 17:40:28,46.7001,-75.4493,71.38,35,4,9.78,clear sky
243,Shiraz,IR,2021-08-14 17:38:35,29.6036,52.5388,87.24,9,20,4.61,few clouds
244,Male,MV,2021-08-14 17:39:42,4.1748,73.5089,84.15,74,75,16.11,broken clouds
245,Alofi,NU,2021-08-14 17:40:29,-19.0595,-169.9187,66.09,94,38,4.61,scattered clouds
246,Nanakuli,US,2021-08-14 17:40:30,21.3906,-158.1547,78.75,73,1,5.75,clear sky
247,Klaksvik,FO,2021-08-14 17:40:30,62.2266,-6.589,52.72,96,100,14.65,overcast clouds
248,Cachoeiras De Macacu,BR,2021-08-14 17:40:30,-22.4625,-42.6531,65.68,90,99,2.44,overcast clouds
249,Kununurra,AU,2021-08-14 17:40:31,-15.7667,128.7333,80.58,32,90,8.05,overcast clouds
250,Gat,IL,2021-08-14 17:40:03,31.61,34.7642,84.88,100,0,8.5,clear sky
251,Sitka,US,2021-08-14 17:40:31,57.0531,-135.33,57.09,82,90,3.44,overcast clouds
252,Gazanjyk,TM,2021-08-14 17:40:32,39.2446,55.5154,85.01,16,0,14.34,clear sky
253,Jijiga,ET,2021-08-14 17:40:32,9.35,42.8,66.6,69,50,16.44,scattered clouds
254,Broome,US,2021-08-14 17:40:33,42.2506,-75.833,77.81,59,90,1.99,overcast clouds
255,Kathu,TH,2021-08-14 17:40:33,7.9178,98.3332,75.02,76,100,7.05,light rain
256,Chokurdakh,RU,2021-08-14 17:40:33,70.6333,147.9167,40.68,78,100,12.5,overcast clouds
257,Penzance,GB,2021-08-14 17:40:34,50.1186,-5.5371,65.08,94,20,13.8,few clouds
258,Nemuro,JP,2021-08-14 17:40:34,43.3236,145.575,56.25,82,100,11.86,overcast clouds
259,Huilong,CN,2021-08-14 17:40:35,31.8111,121.655,79.03,90,97,8.21,light rain
260,Kaeo,NZ,2021-08-14 17:40:36,-35.1,173.7833,51.33,93,61,5.86,broken clouds
261,Maniitsoq,GL,2021-08-14 17:40:36,65.4167,-52.9,45.46,98,100,21.74,moderate rain
262,Xining,CN,2021-08-14 17:40:37,36.6167,101.7667,57.22,67,26,3.69,scattered clouds
263,Nome,US,2021-08-14 17:40:37,64.5011,-165.4064,48.27,87,90,17.27,light rain
264,Santa Cruz,BO,2021-08-14 17:40:38,-17.8,-63.1667,78.85,21,3,11.5,clear sky
265,La Rioja,ES,2021-08-14 17:40:38,42.25,-2.5,98.38,26,69,3.8,broken clouds
266,Jati,PK,2021-08-14 17:40:38,24.3539,68.2671,81.82,68,87,21.27,overcast clouds
267,Moussoro,TD,2021-08-14 17:40:39,13.6408,16.4901,90.1,48,92,4.27,overcast clouds
268,Coquimbo,CL,2021-08-14 17:40:39,-29.9533,-71.3436,56.93,67,20,11.5,few clouds
269,Funadhoo,MV,2021-08-14 17:40:40,6.15,73.2667,82.22,78,100,18.41,overcast clouds
270,Cockburn Town,TC,2021-08-14 17:40:40,21.4612,-71.1419,85.96,70,40,11.5,scattered clouds
271,Garachine,PA,2021-08-14 17:40:40,8.0647,-78.3628,81.9,78,75,8.3,broken clouds
272,Kos,GR,2021-08-14 17:40:41,36.8933,27.2889,91.31,61,0,11.27,clear sky
273,Hofn,IS,2021-08-14 17:40:41,64.2539,-15.2082,52.84,90,100,12.57,overcast clouds
274,Lavrentiya,RU,2021-08-14 17:40:42,65.5833,-171.0,46.65,93,99,6.04,overcast clouds
275,Siimusti,EE,2021-08-14 17:40:42,58.7277,26.3437,66.09,73,81,8.97,broken clouds
276,Filingue,NE,2021-08-14 17:40:42,14.3521,3.3168,93.49,40,51,4.9,broken clouds
277,Longyearbyen,SJ,2021-08-14 17:40:43,78.2186,15.6401,44.44,70,0,10.36,clear sky
278,Sampao,PH,2021-08-14 17:40:43,7.5939,125.6611,76.8,95,100,0.92,overcast clouds
279,Hounde,BF,2021-08-14 17:40:44,11.5,-3.5167,76.46,86,78,3.78,light rain
280,Vila Velha,BR,2021-08-14 17:40:44,-20.3297,-40.2925,80.55,61,20,14.97,few clouds
281,Tual,ID,2021-08-14 17:40:44,-5.6667,132.75,79.68,84,75,18.48,broken clouds
282,Acari,PE,2021-08-14 17:40:45,-15.4311,-74.6158,71.83,57,67,9.42,broken clouds
283,Adzhamka,UA,2021-08-14 17:40:45,48.5424,32.5354,70.14,44,2,8.48,clear sky
284,Katsuura,JP,2021-08-14 17:40:46,35.1333,140.3,69.91,93,100,19.19,overcast clouds
285,Bisho,ZA,2021-08-14 17:40:46,-32.8472,27.4422,52.43,81,98,6.17,overcast clouds
286,Takaka,NZ,2021-08-14 17:40:46,-40.85,172.8,45.55,81,14,5.5,few clouds
287,Uttiramerur,IN,2021-08-14 17:40:47,12.6,79.7667,85.44,63,100,3.85,overcast clouds
288,Port Arthur,CN,2021-08-14 17:40:47,38.8,121.2667,71.82,74,0,2.62,clear sky
289,Plettenberg Bay,ZA,2021-08-14 17:40:48,-34.0527,23.3716,55.09,83,5,7.85,clear sky
290,Poum,NC,2021-08-14 17:40:48,-20.2333,164.0167,68.36,63,35,13.76,scattered clouds
291,Pringsewu,ID,2021-08-14 17:40:49,-5.3582,104.9744,72.45,96,91,1.03,overcast clouds
292,Natitingou,BJ,2021-08-14 17:40:49,10.3042,1.3796,77.05,95,83,4.72,light rain
293,Sembakung,ID,2021-08-14 17:40:50,3.8167,117.25,78.73,99,95,1.43,overcast clouds
294,Vinh,VN,2021-08-14 17:40:51,18.6667,105.6667,81.88,70,100,4.21,overcast clouds
295,Tautira,PF,2021-08-14 17:40:51,-17.7333,-149.15,73.42,75,27,9.62,light rain
296,Ixtapa,MX,2021-08-14 17:40:52,20.7,-105.2,86.23,74,75,4.61,broken clouds
297,Inhambane,MZ,2021-08-14 17:40:52,-23.865,35.3833,66.18,68,75,16.11,broken clouds
298,Alvinopolis,BR,2021-08-14 17:40:52,-20.1067,-43.0489,80.11,38,65,2.64,broken clouds
299,Warwick,US,2021-08-14 17:36:07,41.7001,-71.4162,88.92,68,75,4.61,broken clouds
300,Dalhousie,IN,2021-08-14 17:40:53,32.5333,75.9833,59.11,81,2,7.54,clear sky
301,Amga,RU,2021-08-14 17:40:53,60.8953,131.9608,62.87,71,45,3.24,scattered clouds
302,Luderitz,NA,2021-08-14 17:40:54,-26.6481,15.1594,62.35,40,0,16.55,clear sky
303,Brenham,US,2021-08-14 17:40:54,30.1669,-96.3977,94.42,59,40,0.0,scattered clouds
304,Vostok,RU,2021-08-14 17:40:55,46.4856,135.8833,53.91,87,77,3.15,broken clouds
305,Nelson Bay,AU,2021-08-14 17:40:55,-32.7167,152.15,53.69,95,1,6.24,clear sky
306,Mount Isa,AU,2021-08-14 17:40:55,-20.7333,139.5,69.57,32,0,5.75,clear sky
307,Taoudenni,ML,2021-08-14 17:40:56,22.6783,-3.9836,112.57,6,39,12.62,scattered clouds
308,Bo Rai,TH,2021-08-14 17:40:56,12.5728,102.5371,74.39,97,100,3.38,moderate rain
309,Ostrovnoy,RU,2021-08-14 17:40:57,68.0531,39.5131,46.53,90,58,6.62,broken clouds
310,Vardo,NO,2021-08-14 17:40:57,70.3705,31.1107,49.95,85,87,3.76,overcast clouds
311,Usinsk,RU,2021-08-14 17:40:57,65.9939,57.5281,53.98,94,100,25.55,overcast clouds
312,Utete,TZ,2021-08-14 17:40:58,-7.986,38.758,73.87,77,13,7.11,few clouds
313,Aktau,KZ,2021-08-14 17:40:58,43.65,51.2,79.38,46,0,5.57,clear sky
314,Panguna,PG,2021-08-14 17:40:58,-6.3164,155.4848,68.04,96,100,2.15,overcast clouds
315,Gualan,GT,2021-08-14 17:40:59,15.1333,-89.3667,91.31,49,27,4.38,scattered clouds
316,Port-Cartier,CA,2021-08-14 17:40:59,50.0334,-66.8654,66.42,99,100,2.62,overcast clouds
317,Clevelandia,BR,2021-08-14 17:41:00,-26.3958,-52.4708,62.2,84,61,5.06,moderate rain
318,Victor Harbor,AU,2021-08-14 17:41:00,-35.5667,138.6167,53.91,85,0,9.22,clear sky
319,Oda,JP,2021-08-14 17:41:01,35.1833,132.5,72.9,91,100,12.73,overcast clouds
320,Abu Samrah,SY,2021-08-14 17:41:01,35.3029,37.1841,82.53,46,0,13.06,clear sky
321,San Luis,AR,2021-08-14 17:37:55,-33.295,-66.3356,67.1,14,0,6.82,clear sky
322,Prince Rupert,CA,2021-08-14 17:38:04,54.3161,-130.3201,59.09,94,90,2.3,overcast clouds
323,Gushikawa,JP,2021-08-14 17:41:02,26.3544,127.8686,80.19,89,1,9.22,clear sky
324,Nieuw Amsterdam,SR,2021-08-14 17:41:02,5.8833,-55.0833,89.76,55,40,5.75,scattered clouds
325,Kangaatsiaq,GL,2021-08-14 17:41:03,68.3065,-53.4641,44.76,95,99,19.95,light rain
326,Upernavik,GL,2021-08-14 17:41:03,72.7868,-56.1549,47.01,92,99,8.39,overcast clouds
327,Ceres,US,2021-08-14 17:37:24,37.5949,-120.9577,100.31,41,1,5.75,clear sky
328,Anloga,GH,2021-08-14 17:41:04,5.7947,0.8973,79.02,80,81,13.71,broken clouds
329,Vagay,RU,2021-08-14 17:41:04,57.9375,69.0217,59.59,73,8,5.66,clear sky
330,Opopeo,MX,2021-08-14 17:41:05,19.4,-101.6,63.46,72,80,1.63,broken clouds
331,Constitucion,CL,2021-08-14 17:41:05,-35.3333,-72.4167,56.08,63,99,4.32,overcast clouds
332,Bambous Virieux,MU,2021-08-14 17:41:05,-20.3428,57.7575,71.85,83,75,14.97,light rain
333,Gamba,GA,2021-08-14 17:41:06,-2.65,10.0,75.38,86,98,8.81,overcast clouds
334,San Lorenzo,PY,2021-08-14 17:41:06,-25.3333,-57.5333,72.54,49,0,6.91,clear sky
335,Haines Junction,CA,2021-08-14 17:41:07,60.7522,-137.5108,55.35,76,100,1.14,overcast clouds
336,Gambela,ET,2021-08-14 17:41:07,8.25,34.5833,71.13,95,93,2.13,overcast clouds
337,Jadu,LY,2021-08-14 17:41:07,31.953,12.0261,83.07,28,0,13.94,clear sky
338,Thompson,CA,2021-08-14 17:41:08,55.7435,-97.8558,71.76,64,75,6.91,broken clouds
339,Inuvik,CA,2021-08-14 17:41:08,68.3499,-133.7218,52.66,76,75,5.75,broken clouds
340,Kuvshinovo,RU,2021-08-14 17:41:08,57.0295,34.1725,59.56,82,80,6.02,broken clouds
341,Vilyuysk,RU,2021-08-14 17:41:09,63.7553,121.6247,55.78,88,100,5.3,moderate rain
342,Tura,IN,2021-08-14 17:41:09,25.5198,90.2201,73.74,96,100,4.76,overcast clouds
343,Lima,PE,2021-08-14 17:41:09,-12.0432,-77.0282,64.65,72,90,5.75,overcast clouds
344,San Rafael,AR,2021-08-14 17:41:10,-34.6177,-68.3301,69.31,10,16,8.01,few clouds
345,Monywa,MM,2021-08-14 17:41:10,22.1167,95.1333,80.33,85,96,7.85,overcast clouds
346,Galle,LK,2021-08-14 17:41:11,6.0367,80.217,79.16,85,93,13.73,overcast clouds
347,Teya,RU,2021-08-14 17:41:11,60.3778,92.6267,53.65,96,99,3.13,overcast clouds
348,Salalah,OM,2021-08-14 17:41:12,17.0151,54.0924,78.89,83,90,8.05,overcast clouds
349,Fairbanks,US,2021-08-14 17:40:46,64.8378,-147.7164,52.61,84,40,5.75,scattered clouds
350,Saint George,US,2021-08-14 17:41:08,37.1041,-113.5841,95.63,32,1,1.01,clear sky
351,Metu,ET,2021-08-14 17:41:12,8.3,35.5833,58.64,98,89,1.81,light rain
352,Varenikovskaya,RU,2021-08-14 17:41:12,45.1209,37.6417,68.32,91,100,5.08,overcast clouds
353,Sendafa,ET,2021-08-14 17:41:13,9.15,39.0333,60.15,85,13,3.09,light rain
354,Kropotkin,RU,2021-08-14 17:41:13,45.4375,40.5756,67.8,91,100,6.46,overcast clouds
355,Gull Lake,CA,2021-08-14 17:41:13,50.1001,-108.4847,89.96,18,0,10.16,clear sky
356,Mwingi,KE,2021-08-14 17:41:14,-0.9344,38.0601,73.27,49,99,13.2,overcast clouds
357,Tahoua,NE,2021-08-14 17:41:14,14.8888,5.2692,89.58,51,20,4.61,few clouds
358,Nosy Varika,MG,2021-08-14 17:41:15,-20.5833,48.5333,66.34,85,100,11.45,light rain
359,Atar,MR,2021-08-14 17:41:15,20.5169,-13.0499,107.74,13,24,16.62,few clouds
360,Tazovskiy,RU,2021-08-14 17:41:16,67.4667,78.7,56.89,86,100,13.78,overcast clouds
361,Abbeville,FR,2021-08-14 17:41:16,50.1,1.8333,80.01,71,2,5.91,clear sky
362,Nichinan,JP,2021-08-14 17:41:16,31.6,131.3667,79.07,92,100,12.55,heavy intensity rain
363,Lorengau,PG,2021-08-14 17:41:17,-2.0226,147.2712,81.19,80,52,10.04,broken clouds
364,Lashio,MM,2021-08-14 17:41:17,22.9333,97.75,68.49,100,100,1.68,overcast clouds
365,Berkakit,RU,2021-08-14 17:41:17,56.5807,124.7681,52.61,80,11,4.61,few clouds
366,Roma,US,2021-08-14 17:41:18,43.2128,-75.4557,78.82,60,20,9.22,few clouds
367,Akdagmadeni,TR,2021-08-14 17:41:18,39.6603,35.8836,53.42,87,74,5.68,broken clouds
368,Palmares,BR,2021-08-14 17:41:19,-8.6833,-35.5917,77.07,78,86,9.44,overcast clouds
369,Show Low,US,2021-08-14 17:41:19,34.2542,-110.0298,77.72,46,1,6.91,clear sky
370,Ponta Delgada,PT,2021-08-14 17:41:19,37.7333,-25.6667,74.12,83,75,11.5,broken clouds
371,Ilulissat,GL,2021-08-14 17:41:20,69.2167,-51.1,53.62,82,75,23.02,light intensity shower rain
372,Hay River,CA,2021-08-14 17:41:20,60.8156,-115.7999,71.58,49,75,14.97,broken clouds
373,Tomigusuku,JP,2021-08-14 17:41:20,26.185,127.675,80.73,94,20,10.36,few clouds
374,Dwarka,IN,2021-08-14 17:41:21,22.2394,68.9678,80.56,80,97,19.69,overcast clouds
375,Mbandaka,CD,2021-08-14 17:41:21,0.0487,18.2603,79.34,60,90,3.04,overcast clouds
376,Zapolyarnyy,RU,2021-08-14 17:41:21,69.4154,30.8136,56.48,77,80,4.59,broken clouds
377,Kalmunai,LK,2021-08-14 17:41:22,7.4167,81.8167,81.48,81,95,1.59,overcast clouds
378,Cherskiy,RU,2021-08-14 17:41:22,68.75,161.3,43.88,76,82,9.86,broken clouds
379,Tilichiki,RU,2021-08-14 17:41:23,60.4667,166.1,49.44,90,57,2.04,broken clouds
380,Najran,SA,2021-08-14 17:41:23,17.4924,44.1277,90.25,13,7,4.56,clear sky
381,Panama City,PA,2021-08-14 17:38:42,8.9936,-79.5197,85.95,79,40,6.91,scattered clouds
382,Betioky,MG,2021-08-14 17:41:24,-23.7167,44.3833,59.97,61,0,14.29,clear sky
383,Bardiyah,LY,2021-08-14 17:41:24,31.7561,25.0865,80.74,67,0,10.89,clear sky
384,Albion,US,2021-08-14 17:41:24,42.2431,-84.753,75.38,35,1,4.61,clear sky
385,Mabaruma,GY,2021-08-14 17:41:25,8.2,-59.7833,84.33,76,99,3.6,overcast clouds
386,Canutama,BR,2021-08-14 17:41:25,-6.5339,-64.3831,98.82,24,87,2.13,overcast clouds
387,Evensk,RU,2021-08-14 17:41:25,61.95,159.2333,49.46,99,100,7.67,overcast clouds
388,Honiara,SB,2021-08-14 17:39:04,-9.4333,159.95,76.37,89,99,4.72,overcast clouds
389,Morehead,US,2021-08-14 17:41:26,37.2711,-87.1764,85.86,76,90,1.01,overcast clouds
390,Lakes Entrance,AU,2021-08-14 17:41:26,-37.8811,147.981,41.18,74,3,8.46,clear sky
391,Owando,CG,2021-08-14 17:41:27,-0.4819,15.8999,81.7,55,93,1.48,overcast clouds
392,Montrose,US,2021-08-14 17:41:27,38.4166,-108.2673,73.53,23,1,3.53,clear sky
393,Iberia,US,2021-08-14 17:41:28,29.9502,-91.7507,91.96,62,20,6.91,few clouds
394,Basoko,CD,2021-08-14 17:41:28,1.2391,23.616,73.47,83,59,2.8,broken clouds
395,Lagos,NG,2021-08-14 17:41:28,6.5833,3.75,82.72,79,79,7.27,broken clouds
396,Alberton,CA,2021-08-14 17:41:29,46.8168,-64.0654,82.53,68,5,11.18,clear sky
397,Majene,ID,2021-08-14 17:41:29,-3.5403,118.9707,76.5,89,38,9.51,scattered clouds
398,Kargasok,RU,2021-08-14 17:41:29,59.0556,80.8572,53.87,96,93,5.39,overcast clouds
399,Sheridan,US,2021-08-14 17:41:30,44.8333,-106.9173,87.98,27,1,1.01,clear sky
400,Krivodol,BG,2021-08-14 17:41:30,43.3744,23.4844,79.5,31,0,4.47,clear sky
401,Krasnoselkup,RU,2021-08-14 17:41:31,65.7,82.4667,58.19,82,100,10.04,overcast clouds
402,Bowmore,US,2021-08-14 17:41:31,34.9421,-79.3031,95.9,56,40,3.0,scattered clouds
403,Bubaque,GW,2021-08-14 17:41:31,11.2833,-15.8333,78.35,84,100,15.97,overcast clouds
404,Nuuk,GL,2021-08-14 17:41:32,64.1835,-51.7216,50.61,93,90,35.68,moderate rain
405,Nara,JP,2021-08-14 17:38:37,34.6851,135.8049,78.08,97,100,4.52,heavy intensity rain
406,General Roca,AR,2021-08-14 17:41:32,-39.0333,-67.5833,63.0,20,5,8.25,clear sky
407,Flin Flon,CA,2021-08-14 17:41:33,54.7682,-101.865,80.44,44,75,8.05,smoke
408,Bathsheba,BB,2021-08-14 17:41:33,13.2167,-59.5167,81.21,83,40,6.91,scattered clouds
409,Suna,RU,2021-08-14 17:41:33,57.8338,50.0588,60.24,74,86,6.89,overcast clouds
410,Padang,ID,2021-08-14 17:41:34,-0.9492,100.3543,75.88,94,100,6.29,light rain
411,Stornoway,GB,2021-08-14 17:39:39,58.2093,-6.3865,58.96,77,90,9.22,overcast clouds
412,Necochea,AR,2021-08-14 17:41:34,-38.5473,-58.7368,65.03,47,0,8.63,clear sky
413,Roebourne,AU,2021-08-14 17:41:34,-20.7833,117.1333,71.82,30,42,7.25,scattered clouds
414,Plzen,CZ,2021-08-14 17:39:13,49.7475,13.3776,82.87,47,0,5.75,clear sky
415,Petropavlovsk-Kamchatskiy,RU,2021-08-14 17:41:35,53.0452,158.6483,48.79,100,75,0.0,broken clouds
416,Pangkalanbuun,ID,2021-08-14 17:41:35,-2.6833,111.6167,74.57,97,100,3.6,overcast clouds
417,Dukat,RU,2021-08-14 17:41:36,62.55,155.55,56.66,77,97,9.08,overcast clouds
418,Yulara,AU,2021-08-14 17:41:36,-25.2406,130.9889,57.04,28,10,8.05,clear sky
419,Ust-Kuyga,RU,2021-08-14 17:41:36,70.0167,135.6,37.83,90,60,1.03,broken clouds
420,Norsup,VU,2021-08-14 17:41:37,-16.0667,167.3833,73.72,79,76,19.17,broken clouds
421,Muros,ES,2021-08-14 17:41:37,42.7762,-9.0603,80.83,53,0,14.18,clear sky
422,Burnie,AU,2021-08-14 17:41:38,-41.0667,145.9167,52.0,86,86,19.51,light rain
423,Los Llanos De Aridane,ES,2021-08-14 17:41:38,28.6585,-17.9182,73.15,78,20,17.27,few clouds
424,Clyde River,CA,2021-08-14 17:41:38,70.4692,-68.5914,41.23,93,90,9.22,fog
425,Verkhoyansk,RU,2021-08-14 17:41:39,67.5447,133.385,42.62,88,100,3.2,overcast clouds
426,Lewiston,US,2021-08-14 17:39:14,44.1003,-70.2148,89.74,75,75,3.44,broken clouds
427,Saint-Joseph,RE,2021-08-14 17:41:39,-21.3667,55.6167,70.18,87,73,16.06,light rain
428,Ketou,BJ,2021-08-14 17:41:39,7.3633,2.5998,78.12,77,79,4.61,broken clouds
429,San Cristobal,VE,2021-08-14 17:41:40,7.7669,-72.225,74.68,79,96,5.55,overcast clouds
430,Gerash,IR,2021-08-14 17:41:41,27.6652,54.1371,87.94,31,58,4.7,broken clouds
431,Khrystynivka,UA,2021-08-14 17:41:41,48.8249,29.9681,68.23,52,1,4.47,clear sky
432,Acajutla,SV,2021-08-14 17:41:41,13.5928,-89.8275,93.54,67,89,6.89,overcast clouds
433,Comodoro Rivadavia,AR,2021-08-14 17:41:42,-45.8667,-67.5,55.26,50,0,8.05,clear sky
434,Namibe,AO,2021-08-14 17:41:42,-15.1961,12.1522,64.81,87,66,7.2,broken clouds
435,Palmas,BR,2021-08-14 17:41:42,-10.2128,-48.3603,93.07,22,0,9.22,clear sky
436,Anshun,CN,2021-08-14 17:41:43,26.25,105.9333,64.27,96,100,4.61,overcast clouds
437,Mujiayingzi,CN,2021-08-14 17:41:43,42.1167,118.7833,63.77,85,100,2.01,overcast clouds
438,Yarada,IN,2021-08-14 17:41:44,17.65,83.2667,80.92,89,75,5.75,mist
439,Juneau,US,2021-08-14 17:41:44,58.3019,-134.4197,58.84,84,90,0.0,overcast clouds
440,Banda Aceh,ID,2021-08-14 17:41:45,5.5577,95.3222,77.45,86,100,15.82,overcast clouds
441,Cody,US,2021-08-14 17:41:46,44.5263,-109.0565,84.63,35,1,3.44,clear sky
442,Besikduzu,TR,2021-08-14 17:41:46,41.052,39.2284,71.49,83,100,5.91,overcast clouds
443,Buchanan,LR,2021-08-14 17:41:46,5.8808,-10.0467,82.36,70,92,8.03,overcast clouds
444,Burgeo,CA,2021-08-14 17:41:47,47.6167,-57.6152,72.54,84,87,7.36,overcast clouds
445,Camargo,MX,2021-08-14 17:41:47,27.6667,-105.1667,84.65,38,78,6.08,broken clouds
446,Asyut,EG,2021-08-14 17:41:48,27.181,31.1837,96.98,15,0,10.56,clear sky
447,Quelimane,MZ,2021-08-14 17:41:48,-17.8786,36.8883,73.35,78,75,11.5,light rain
448,Northam,GB,2021-08-14 17:41:48,51.0333,-4.2167,70.2,87,81,8.57,broken clouds
449,Owensboro,US,2021-08-14 17:41:49,37.7742,-87.1133,86.18,78,90,5.75,overcast clouds
450,Codrington,AU,2021-08-14 17:41:49,-38.2667,141.9667,46.67,92,4,14.25,clear sky
451,Rawson,AR,2021-08-14 17:41:50,-43.3002,-65.1023,55.33,56,63,10.47,broken clouds
452,Tarata,BO,2021-08-14 17:41:50,-17.6167,-66.0167,75.07,14,1,2.75,clear sky
453,Savinka,RU,2021-08-14 17:41:51,50.0785,47.0994,81.81,18,22,10.45,few clouds
454,Kokopo,PG,2021-08-14 17:41:51,-4.352,152.2633,76.55,86,7,5.91,clear sky
455,Katunino,RU,2021-08-14 17:41:52,64.3862,40.6298,58.89,92,21,3.71,few clouds
456,Itanhem,BR,2021-08-14 17:41:52,-17.1664,-40.33,83.1,37,11,7.96,few clouds
457,Ambon,ID,2021-08-14 17:41:52,-3.6954,128.1814,78.94,89,40,4.61,scattered clouds
458,Ratnagiri,IN,2021-08-14 17:41:53,16.9833,73.3,78.89,82,37,8.68,scattered clouds
459,Brae,GB,2021-08-14 17:41:53,60.3964,-1.353,58.91,84,19,10.92,few clouds
460,Bontang,ID,2021-08-14 17:41:53,0.1333,117.5,77.76,82,94,2.08,overcast clouds
461,Coari,BR,2021-08-14 17:41:54,-4.085,-63.1414,90.68,44,98,2.48,overcast clouds
462,Kempele,FI,2021-08-14 17:41:54,64.9131,25.5034,59.13,100,40,9.22,light intensity shower rain
463,Shingu,JP,2021-08-14 17:41:55,33.7333,135.9833,81.91,91,100,15.97,heavy intensity rain
464,Si Satchanalai,TH,2021-08-14 17:41:55,17.5169,99.7598,75.56,93,100,5.48,light rain
465,Vanavara,RU,2021-08-14 17:41:56,60.34,102.2797,61.63,71,99,2.91,overcast clouds
466,Samarai,PG,2021-08-14 17:41:56,-10.6167,150.6667,77.88,87,79,17.63,broken clouds
467,Columbia,US,2021-08-14 17:39:58,34.0007,-81.0348,94.05,65,40,1.01,scattered clouds
468,Russell,US,2021-08-14 17:41:57,32.3502,-85.1999,95.97,54,1,8.05,clear sky
469,Mandalgovi,MN,2021-08-14 17:41:57,45.7625,106.2708,60.69,73,58,7.94,broken clouds
470,Dickinson,US,2021-08-14 17:41:57,29.4608,-95.0513,94.12,65,75,1.01,broken clouds
471,Wilmington,US,2021-08-14 17:41:58,34.2257,-77.9447,92.98,67,20,3.44,few clouds
472,Kushmurun,KZ,2021-08-14 17:41:58,52.4503,64.6311,67.17,40,55,5.35,broken clouds
473,Raigarh,IN,2021-08-14 17:41:58,21.9,83.4,84.22,67,100,3.6,overcast clouds
474,Etaples,FR,2021-08-14 17:41:59,50.5219,1.6332,74.37,53,0,4.61,clear sky
475,Alice Springs,AU,2021-08-14 17:42:00,-23.7,133.8833,45.95,46,0,0.0,clear sky
476,Taltal,CL,2021-08-14 17:42:00,-25.4,-70.4833,61.97,64,7,7.09,clear sky
477,Inta,RU,2021-08-14 17:42:00,66.0317,60.1659,55.58,90,71,22.01,broken clouds
478,Kavaratti,IN,2021-08-14 17:42:01,10.5669,72.642,81.25,78,89,17.2,overcast clouds
479,Kodino,RU,2021-08-14 17:42:01,63.7198,39.6447,61.45,78,26,4.7,scattered clouds
480,Oxbow,CA,2021-08-14 17:42:02,49.2333,-102.1676,87.75,31,17,8.19,few clouds
481,Fort Nelson,CA,2021-08-14 17:41:13,58.8053,-122.7002,69.39,37,75,9.22,broken clouds
482,Dores Do Indaia,BR,2021-08-14 17:42:03,-19.4633,-45.6017,85.59,25,6,3.22,clear sky
483,Baglung,NP,2021-08-14 17:42:03,28.2719,83.5898,71.26,96,97,1.05,overcast clouds
484,Goderich,CA,2021-08-14 17:42:04,43.7501,-81.7165,72.03,52,0,11.5,clear sky
485,Grande Prairie,CA,2021-08-14 17:42:04,55.1667,-118.8027,78.98,29,75,27.63,broken clouds
486,Hami,CN,2021-08-14 17:42:05,42.8,93.45,90.03,18,68,7.31,broken clouds
487,Birao,CF,2021-08-14 17:42:05,10.2849,22.7882,73.45,93,97,4.72,overcast clouds
488,Inverness,GB,2021-08-14 17:42:05,57.4791,-4.224,65.79,70,40,3.0,scattered clouds
489,Puerto Escondido,MX,2021-08-14 17:42:06,15.85,-97.0667,90.43,62,40,5.75,scattered clouds
490,Mulchen,CL,2021-08-14 17:42:06,-37.7167,-72.2333,42.66,36,90,3.15,overcast clouds
491,Ucluelet,CA,2021-08-14 17:39:14,48.9329,-125.5528,62.91,79,47,8.46,scattered clouds
492,Celestun,MX,2021-08-14 17:42:07,20.8667,-90.4,86.76,65,6,10.33,clear sky
493,Bandarbeyla,SO,2021-08-14 17:42:07,9.4942,50.8122,77.36,81,50,31.7,scattered clouds
494,Genhe,CN,2021-08-14 17:42:07,50.7833,121.5167,55.18,79,53,0.65,broken clouds
495,La Ronge,CA,2021-08-14 17:42:08,55.1001,-105.2842,75.45,57,75,4.61,broken clouds
496,Patitirion,GR,2021-08-14 17:42:08,39.15,23.8667,80.15,52,0,9.24,clear sky
497,Petlawad,IN,2021-08-14 17:42:08,23.0,74.8,74.7,85,11,9.17,few clouds
498,Itarema,BR,2021-08-14 17:42:09,-2.9248,-39.9167,86.09,53,57,16.87,broken clouds
499,Udachnyy,RU,2021-08-14 17:42:09,66.4167,112.4,49.69,78,100,5.88,overcast clouds
500,Ngunguru,NZ,2021-08-14 17:42:10,-35.6167,174.5,51.17,77,58,7.43,broken clouds
501,Mersing,MY,2021-08-14 17:42:10,2.4312,103.8405,75.11,94,90,3.44,overcast clouds
502,Baturaja,ID,2021-08-14 17:42:11,-4.1333,104.1667,72.63,98,95,2.55,overcast clouds
503,Vigrestad,NO,2021-08-14 17:42:11,58.5667,5.7,60.01,79,39,15.57,scattered clouds
504,Port Macquarie,AU,2021-08-14 17:40:49,-31.4333,152.9167,48.16,100,22,0.0,few clouds
505,Svetlogorsk,BY,2021-08-14 17:42:12,52.6333,29.7333,67.12,61,59,4.36,broken clouds
506,Namtsy,RU,2021-08-14 17:42:12,62.7161,129.6658,57.31,70,61,1.97,broken clouds
507,Lata,PT,2021-08-14 17:42:13,40.1629,-8.3327,91.04,35,83,6.6,broken clouds
508,Makakilo City,US,2021-08-14 17:42:13,21.3469,-158.0858,77.32,72,1,5.75,clear sky
509,Yuancheng,CN,2021-08-14 17:42:13,36.652,107.7896,63.18,70,4,3.71,clear sky
510,Ishigaki,JP,2021-08-14 17:42:14,24.3448,124.1572,82.56,83,30,17.27,scattered clouds
511,Bad Waldsee,DE,2021-08-14 17:42:14,47.9167,9.7667,83.59,82,1,1.92,clear sky
512,Taft,IR,2021-08-14 17:42:14,31.7471,54.2088,91.35,12,0,6.91,clear sky
513,Marawi,PH,2021-08-14 17:42:15,7.9986,124.2928,64.65,93,96,3.0,overcast clouds
514,Voh,NC,2021-08-14 17:42:15,-20.9667,164.7,59.43,76,58,5.1,broken clouds
515,Lake Havasu City,US,2021-08-14 17:42:16,34.4839,-114.3224,95.09,40,1,1.99,clear sky
516,Otane,NZ,2021-08-14 17:42:16,-39.8833,176.6333,35.38,92,4,2.8,clear sky
517,Champa,IN,2021-08-14 17:42:17,22.05,82.65,85.19,64,100,4.18,light rain
518,Firozpur Jhirka,IN,2021-08-14 17:42:17,27.8,76.95,88.34,54,79,12.08,broken clouds
519,Kedrovyy,RU,2021-08-14 17:42:18,56.1667,91.8167,55.81,94,100,4.43,light rain
520,Zheleznodorozhnyy,RU,2021-08-14 17:42:18,55.7503,38.0042,71.15,54,85,3.04,overcast clouds
521,Starosubkhangulovo,RU,2021-08-14 17:42:19,53.1031,57.4423,59.99,53,8,2.1,clear sky
522,Komsomolskiy,UZ,2021-08-14 17:42:19,40.4272,71.7189,77.72,23,47,6.91,scattered clouds
523,Pedro Velho,BR,2021-08-14 17:42:20,-6.4392,-35.2214,88.09,48,19,16.84,few clouds
524,Ketchikan,US,2021-08-14 17:42:20,55.3422,-131.6461,59.47,94,90,3.44,light rain
525,Shimoni,KE,2021-08-14 17:42:20,-4.6476,39.3817,75.45,81,3,14.83,clear sky
526,Oktyabrskoye,RU,2021-08-14 17:42:21,43.0645,44.7417,69.94,88,75,4.47,broken clouds
527,Mitsamiouli,KM,2021-08-14 17:42:21,-11.3847,43.2844,77.88,76,1,11.59,clear sky
528,Dafeng,CN,2021-08-14 17:42:22,23.4517,108.5881,78.26,92,98,5.59,overcast clouds
529,Urzhum,RU,2021-08-14 17:42:22,57.1141,49.9996,61.92,69,100,5.03,overcast clouds
530,Kalulushi,ZM,2021-08-14 17:42:22,-12.8378,28.0919,54.77,35,0,8.81,clear sky
531,Zhangye,CN,2021-08-14 17:42:23,38.9342,100.4517,78.58,30,97,7.85,overcast clouds
532,Abu Kamal,SY,2021-08-14 17:42:23,34.4506,40.9171,93.63,22,0,8.01,clear sky
533,Oussouye,SN,2021-08-14 17:42:24,12.485,-16.5469,89.78,70,100,9.95,overcast clouds
534,Dzhebariki-Khaya,RU,2021-08-14 17:42:24,62.2167,135.8,62.85,72,92,4.65,light rain
535,Luba,GQ,2021-08-14 17:42:25,3.4568,8.5547,78.53,82,51,7.23,broken clouds
536,Vila Franca Do Campo,PT,2021-08-14 17:42:25,37.7167,-25.4333,73.81,75,9,13.38,clear sky
537,Flinders,AU,2021-08-14 17:42:26,-34.5833,150.8552,49.28,84,17,1.01,few clouds
538,Sola,VU,2021-08-14 17:42:26,-13.8833,167.55,77.0,80,88,27.54,overcast clouds
539,Stavyshche,UA,2021-08-14 17:42:26,50.4,29.5333,74.89,54,58,3.56,broken clouds
540,Manuk Mangkaw,PH,2021-08-14 17:42:27,4.8,119.85,81.88,79,58,10.18,light rain
541,Lukulu,ZM,2021-08-14 17:42:27,-14.3707,23.242,70.68,20,1,6.91,clear sky
542,Ukiah,US,2021-08-14 17:42:27,39.1502,-123.2078,96.44,34,1,4.61,haze
543,Casper,US,2021-08-14 17:42:28,42.8666,-106.3131,85.01,38,1,3.0,clear sky
544,Moron,AR,2021-08-14 17:42:28,-34.6534,-58.6198,66.02,58,0,2.24,clear sky
545,Beira,MZ,2021-08-14 17:42:28,-19.8436,34.8389,71.69,73,90,17.27,light rain
546,Ciuchici,RO,2021-08-14 17:42:29,44.9414,21.61,88.92,53,3,6.15,clear sky
547,Mlonggo,ID,2021-08-14 17:42:29,-6.5333,110.7,78.69,82,74,5.39,broken clouds
548,Aleppo,SY,2021-08-14 17:42:29,36.25,37.5,84.72,38,0,18.86,clear sky
549,Xiongzhou,CN,2021-08-14 17:42:30,25.1167,114.3,77.54,95,100,2.57,moderate rain
550,Homer,US,2021-08-14 17:42:31,59.6425,-151.5483,57.07,86,90,4.61,overcast clouds
551,Labrea,BR,2021-08-14 17:42:31,-7.2586,-64.7981,97.0,24,90,1.81,overcast clouds
552,Challapata,BO,2021-08-14 17:39:55,-18.9,-66.7667,50.68,16,3,9.24,clear sky
553,Manicore,BR,2021-08-14 17:42:32,-5.8092,-61.3003,80.55,83,90,5.75,overcast clouds
554,Somerset,US,2021-08-14 17:42:32,40.5668,-74.5496,90.84,66,1,1.01,clear sky
555,Richards Bay,ZA,2021-08-14 17:42:32,-28.783,32.0377,57.02,79,92,3.87,overcast clouds
556,Namatanai,PG,2021-08-14 17:42:33,-3.6667,152.4333,78.51,83,15,7.4,few clouds
557,Karpathos,GR,2021-08-14 17:39:49,35.507,27.2132,78.76,89,20,29.93,few clouds
558,Ostersund,SE,2021-08-14 17:42:34,63.1792,14.6357,57.65,82,90,6.91,light rain
559,Gunjur,GM,2021-08-14 17:42:34,13.2019,-16.7339,80.53,78,92,11.95,overcast clouds
560,Chapais,CA,2021-08-14 17:42:35,49.7834,-74.8492,60.58,66,32,11.97,scattered clouds
561,Cabinda,AO,2021-08-14 17:42:37,-5.55,12.2,77.14,78,75,6.91,broken clouds
562,Leku,ET,2021-08-14 17:42:37,6.8667,38.45,59.4,92,61,3.51,moderate rain
563,Santander,ES,2021-08-14 17:42:38,43.4647,-3.8044,71.98,89,90,5.01,overcast clouds
564,La Palma,US,2021-08-14 17:42:38,33.8464,-118.0467,96.03,61,20,3.0,few clouds
565,Tra Vinh,VN,2021-08-14 17:42:39,9.9347,106.3453,78.1,88,100,3.36,overcast clouds
566,Pokrovsk,UA,2021-08-14 17:42:39,48.282,37.1758,65.8,70,96,6.67,overcast clouds
567,Erenhot,CN,2021-08-14 17:42:39,43.6475,111.9767,73.02,48,36,8.7,scattered clouds
568,Dzilam Gonzalez,MX,2021-08-14 17:42:40,21.2833,-88.9333,90.16,52,12,7.92,few clouds
569,Rocha,UY,2021-08-14 17:42:40,-34.4833,-54.3333,55.18,88,100,6.02,overcast clouds
570,Westport,US,2021-08-14 17:39:08,41.1415,-73.3579,91.98,55,1,1.01,clear sky
571,Punta Alta,AR,2021-08-14 17:42:41,-38.8759,-62.0736,63.3,36,0,13.13,clear sky
572,Piacabucu,BR,2021-08-14 17:42:41,-10.4056,-36.4344,77.83,72,21,10.25,few clouds
573,Tongliao,CN,2021-08-14 17:42:42,43.6125,122.2653,61.93,91,45,4.38,scattered clouds
574,Qasigiannguit,GL,2021-08-14 17:42:42,68.8193,-51.1922,53.85,95,99,1.3,light rain
575,Torfyanoy,RU,2021-08-14 17:42:43,58.4916,49.1979,64.53,64,95,5.86,overcast clouds
576,Camopi,GF,2021-08-14 17:42:43,3.1655,-52.3158,86.59,57,91,5.26,overcast clouds
577,Cosamaloapan,MX,2021-08-14 17:42:44,18.3667,-95.8,85.77,70,33,5.46,scattered clouds
578,Teeli,RU,2021-08-14 17:42:44,51.0333,90.2333,58.98,74,97,1.5,overcast clouds
579,Butembo,CD,2021-08-14 17:42:45,0.15,29.2833,57.47,95,95,2.68,light rain
580,Wysokie Mazowieckie,PL,2021-08-14 17:42:45,52.9166,22.5171,68.45,80,62,6.85,broken clouds
581,Adre,TD,2021-08-14 17:42:46,13.4667,22.2,77.25,67,80,5.23,broken clouds
582,Koupela,BF,2021-08-14 17:42:46,12.1794,-0.3517,79.11,75,86,3.49,overcast clouds
583,Margate,GB,2021-08-14 17:42:47,51.3813,1.3862,74.86,59,49,4.0,scattered clouds
584,Ranong,TH,2021-08-14 17:42:47,9.9658,98.6348,78.57,87,100,10.51,overcast clouds
585,Negombo,LK,2021-08-14 17:42:48,7.2083,79.8358,82.45,78,40,8.05,scattered clouds
586,Southbridge,US,2021-08-14 17:42:48,42.0751,-72.0334,88.3,43,62,7.05,broken clouds
587,Santa Maria La Alta,MX,2021-08-14 17:42:49,18.6,-97.6667,74.79,41,65,8.86,broken clouds
588,Araouane,ML,2021-08-14 17:42:49,18.9048,-3.5265,106.72,11,19,16.87,few clouds
589,Praia,CV,2021-08-14 17:42:50,14.9215,-23.5087,84.74,58,40,8.05,scattered clouds
590,Beaufort,MY,2021-08-14 17:42:50,5.3473,115.7455,77.16,95,88,2.93,overcast clouds
591,Mount Gambier,AU,2021-08-14 17:42:51,-37.8333,140.7667,46.31,100,75,12.66,broken clouds
592,Zhigansk,RU,2021-08-14 17:42:51,66.7697,123.3711,47.82,75,100,11.45,overcast clouds
593,Palmer,US,2021-08-14 17:42:52,42.1584,-72.3287,88.21,64,75,1.99,broken clouds
594,Villa Maria,AR,2021-08-14 17:42:52,-32.4075,-63.2402,66.27,28,0,7.11,clear sky
595,Garchitorena,PH,2021-08-14 17:42:53,13.8804,123.6946,80.53,77,96,1.14,overcast clouds
596,Linxi,CN,2021-08-14 17:42:53,39.7,118.4333,66.65,87,30,2.66,scattered clouds
597,Matagami,CA,2021-08-14 17:42:54,49.7502,-77.6328,59.11,63,90,10.36,overcast clouds
598,Coos Bay,US,2021-08-14 17:39:42,43.3665,-124.2179,70.99,88,90,8.05,mist
599,Leshukonskoye,RU,2021-08-14 17:42:54,64.8989,45.7622,55.9,84,100,8.39,overcast clouds
600,Acarau,BR,2021-08-14 17:42:55,-2.8856,-40.12,86.77,53,61,17.74,broken clouds
601,Paamiut,GL,2021-08-14 17:42:55,61.994,-49.6678,45.43,98,100,14.61,light rain
602,Hue,VN,2021-08-14 17:42:56,16.4667,107.6,86.11,58,20,4.61,few clouds
603,Mayya,RU,2021-08-14 17:42:56,61.7333,130.2811,56.52,62,61,5.41,broken clouds
604,Kenai,US,2021-08-14 17:42:04,60.5544,-151.2583,57.02,82,90,0.0,light rain
605,Sorong,ID,2021-08-14 17:42:57,-0.8833,131.25,77.2,88,37,6.26,scattered clouds
606,Tias,ES,2021-08-14 17:42:57,28.9611,-13.645,76.68,78,0,3.44,clear sky
607,Wickford,GB,2021-08-14 17:42:57,51.611,0.5233,76.12,59,20,11.5,few clouds
608,Kamaishi,JP,2021-08-14 17:42:58,39.2667,141.8833,66.45,94,100,12.53,moderate rain
609,Impfondo,CG,2021-08-14 17:42:58,1.6381,18.0667,80.64,64,91,0.92,overcast clouds
610,Itoman,JP,2021-08-14 17:42:59,26.1247,127.6694,80.98,94,20,10.36,few clouds
611,Sao Filipe,CV,2021-08-14 17:42:59,14.8961,-24.4956,75.31,77,71,3.62,broken clouds
612,Agen,FR,2021-08-14 17:43:00,44.2,0.6333,93.56,58,0,5.75,clear sky
613,Little Current,CA,2021-08-14 17:38:44,45.9793,-81.9248,68.41,42,1,10.56,clear sky
614,Daura,NG,2021-08-14 17:43:00,11.5538,11.4085,76.37,80,89,4.94,overcast clouds
615,Kiama,AU,2021-08-14 17:43:00,-34.6833,150.8667,54.0,79,15,5.66,few clouds
616,Kamenskiy,RU,2021-08-14 17:43:01,50.8855,45.488,71.76,65,100,11.68,overcast clouds
617,Gorontalo,ID,2021-08-14 17:43:01,0.5412,123.0595,73.72,95,69,3.11,broken clouds
618,Asau,RO,2021-08-14 17:43:02,46.4333,26.4,72.52,72,24,1.79,few clouds
619,Olovyannaya,RU,2021-08-14 17:43:02,50.95,115.5667,56.34,87,0,2.86,clear sky
620,Storforshei,NO,2021-08-14 17:43:03,66.4043,14.5233,63.66,74,98,6.08,overcast clouds
621,Beloha,MG,2021-08-14 17:43:03,-25.1667,45.05,60.1,58,57,11.07,broken clouds
622,Talaya,RU,2021-08-14 17:43:03,61.3833,152.75,59.41,80,59,7.54,broken clouds
623,Galveston,US,2021-08-14 17:43:04,29.3669,-94.9669,94.14,69,40,1.99,scattered clouds
624,Dolinsk,RU,2021-08-14 17:43:04,47.35,142.8,53.46,87,0,4.97,clear sky
625,Nizhniy Kuranakh,RU,2021-08-14 17:43:05,58.8353,125.4869,59.76,72,16,4.97,few clouds
626,Traverse City,US,2021-08-14 17:38:27,44.7631,-85.6206,74.14,43,20,3.44,few clouds
627,Aketi,CD,2021-08-14 17:43:05,2.7388,23.7833,73.44,82,60,2.89,broken clouds
628,Acton,GB,2021-08-14 17:40:15,51.509,-0.2762,75.52,58,40,10.36,scattered clouds
629,Aljezur,PT,2021-08-14 17:43:06,37.3191,-8.8033,82.04,42,55,9.75,broken clouds
630,Rupert,US,2021-08-14 17:43:06,42.6191,-113.6772,87.69,30,1,9.22,haze
631,Qaqortoq,GL,2021-08-14 17:43:06,60.7167,-46.0333,54.1,94,100,2.48,light rain
632,Kikwit,CD,2021-08-14 17:43:07,-5.041,18.8162,84.56,44,57,3.24,light rain
633,Danielskuil,ZA,2021-08-14 17:43:07,-28.1887,23.5395,45.12,96,79,7.47,light rain
634,Krasnyye Tkachi,RU,2021-08-14 17:43:08,57.4926,39.7563,67.82,66,74,2.73,broken clouds
635,Arman,RU,2021-08-14 17:43:08,59.7,150.1667,55.87,92,100,3.15,overcast clouds
636,Lodwar,KE,2021-08-14 17:43:09,3.1191,35.5973,90.19,31,8,6.64,clear sky
637,Miri,MY,2021-08-14 17:43:09,4.4148,114.0089,75.34,94,40,2.3,thunderstorm with light rain
638,Havre-Saint-Pierre,CA,2021-08-14 17:43:10,50.2334,-63.5986,77.36,78,1,10.36,clear sky
639,Suhut,TR,2021-08-14 17:43:10,38.5311,30.5458,69.98,29,0,8.39,clear sky
640,Patna,IN,2021-08-14 17:43:11,25.6,85.1167,82.33,74,75,0.0,haze
641,Vao,NC,2021-08-14 17:43:11,-22.6667,167.4833,66.54,64,35,16.96,scattered clouds
642,Zhanakorgan,KZ,2021-08-14 17:43:12,43.9098,67.2495,70.7,22,0,17.92,clear sky
643,Port Hedland,AU,2021-08-14 17:43:12,-20.3167,118.5667,66.25,45,80,5.75,broken clouds
644,Zuya,UA,2021-08-14 17:43:12,45.0531,34.3154,68.14,54,81,3.2,broken clouds
645,Olinda,BR,2021-08-14 17:43:13,-8.0089,-34.8553,76.73,69,40,18.41,scattered clouds
646,Sarkand,KZ,2021-08-14 17:43:13,45.41,79.9186,57.33,69,46,4.43,scattered clouds
647,Kedgwick,CA,2021-08-14 17:43:14,47.6446,-67.3434,73.89,77,98,6.17,overcast clouds
648,Yar-Sale,RU,2021-08-14 17:43:14,66.8333,70.8333,64.47,75,100,11.18,overcast clouds
649,Amnat Charoen,TH,2021-08-14 17:43:14,15.9167,104.75,74.93,94,100,9.1,moderate rain
650,Valle De Allende,MX,2021-08-14 17:43:15,26.9333,-105.4,79.48,44,80,6.78,broken clouds
651,Abalak,RU,2021-08-14 17:43:16,58.1286,68.5944,59.95,72,7,5.82,clear sky
652,Ascension,US,2021-08-14 17:43:16,30.2169,-90.9001,93.2,60,1,3.44,clear sky
653,Sapa,PH,2021-08-14 17:43:16,5.1544,120.3241,81.1,82,85,9.57,overcast clouds
654,Texarkana,US,2021-08-14 17:43:17,33.4251,-94.0477,87.4,74,1,0.0,clear sky
655,Pundaguitan,PH,2021-08-14 17:43:17,6.3711,126.1689,82.94,72,97,6.22,overcast clouds
656,Bahia Honda,CU,2021-08-14 17:43:18,22.9036,-83.1592,83.17,77,51,3.04,broken clouds
657,Lasa,IT,2021-08-14 17:43:18,46.6166,10.7002,79.68,77,61,2.33,broken clouds
658,Sakakah,SA,2021-08-14 17:43:19,29.9697,40.2064,98.17,17,0,15.01,clear sky
659,Laguna,US,2021-08-14 17:43:19,38.421,-121.4238,101.64,49,1,3.44,haze
660,Houma,US,2021-08-14 17:40:01,29.5958,-90.7195,91.4,65,40,10.36,scattered clouds
661,Peniche,PT,2021-08-14 17:43:20,39.3558,-9.3811,85.48,87,92,16.49,overcast clouds
662,Sable-Sur-Sarthe,FR,2021-08-14 17:43:21,47.8376,-0.3329,86.25,39,0,6.15,clear sky
663,Erdenet,MN,2021-08-14 17:43:22,49.0333,104.0833,56.3,87,60,3.04,broken clouds
664,Ojiya,JP,2021-08-14 17:43:22,37.3,138.8,66.58,98,100,1.36,moderate rain
665,Conde,BR,2021-08-14 17:43:23,-7.2597,-34.9075,85.46,51,20,17.27,few clouds
666,Zanjan,IR,2021-08-14 17:43:23,36.6736,48.4787,68.36,56,41,11.45,scattered clouds
667,Smolenka,RU,2021-08-14 17:43:23,52.1352,113.4974,57.27,88,8,8.95,clear sky
668,Kapit,MY,2021-08-14 17:43:24,2.0167,112.9333,73.76,99,91,0.47,moderate rain
669,Saint Anthony,US,2021-08-14 17:43:24,45.0205,-93.218,85.24,32,1,4.0,clear sky
670,Tiksi,RU,2021-08-14 17:43:25,71.6872,128.8694,40.73,82,93,5.7,overcast clouds
